index,published,keyword,domain,language,valid,title,description,url,image,archive,content,quote,de,en,la,added
9c7474f4b7afb87a1e30ddee2b61c55d,2026-08-03T08:50:00Z,'Klimawandel',www.freitag.de,de,0.9,"Frau Le Pen, können Sie angesichts dieser Waldbrände noch den Klimawandel leugnen?","Frankreich erlebt die vierte Hitzewelle des Sommers: Dutzende Waldbrände, Tausende Hektar verbrannte Erde, 260.000 Evakuierte. Welche Auswirkungen hat die Katastrophe auf die Präsidentschaftswahl im Jahr 2027? Experten haben eine Vermutung Noch immer wüten Du…",https://www.freitag.de/autoren/the-guardian/le-pen-und-klimawandel-kann-sie-ihn-nach-frankreichs-waldbraenden-noch-leugnen,https://www.freitag.de/autoren/the-guardian/le-pen-und-klimawandel-kann-sie-ihn-nach-frankreichs-waldbraenden-noch-leugnen/@@images/image/great,http://web.archive.org/web/20260804105214/https://www.freitag.de/autoren/the-guardian/le-pen-und-klimawandel-kann-sie-ihn-nach-frankreichs-waldbraenden-noch-leugnen,Noch immer wüten Dutzende Waldbrände in ganz Frankreich. Sie wurden ausgelöst durch die vierte extreme Hitzewelle dieses Sommers und haben außer vielen Tausend Hektar verbrannter Erde durch Rauch und… [+5611 chars],,"Frau Le Pen, können Sie angesichts dieser Waldbrände noch den Klimawandel leugnen?. Frankreich erlebt die vierte Hitzewelle des Sommers: Dutzende Waldbrände, Tausende Hektar verbrannte Erde, 260.000 Evakuierte. Welche Auswirkungen hat die Katastrophe auf die Präsidentschaftswahl im Jahr 2027? Experten haben eine Vermutung Noch immer wüten Du…","Ms. Le Pen, can you still deny climate change in the face of these forest fires? France is experiencing the fourth heat wave of the summer: dozens of forest fires, thousands of hectares of scorched earth, 260,000 evacuees. What impact does the disaster have on the presidential election in 2027? Experts have a guess You're still angry...","Le Pen, potesne etiam negare mutationem climatis in facie horum ignes silvarum? Gallia experitur quartam aestum undam aestatis: justos ignes silvarum, milia hectares terrae combustae, 26000 evacuationes. Quid ictum calamitatis in electione praesidentiali anno MMXXVII? Coniicio periti adhuc iratus es...",2026-08-07 06:07:22+00:00
9a0116a32d91e0760653dbd9b635debc,2026-08-05T03:00:27Z,'Klimawandel',www.zeit.de,de,0.9,Folgen des Klimawandels: Wassermangel auf Berghütten - Heli liefert Trinkwasser,Hier finden Sie Informationen zu dem Thema „Folgen des Klimawandels“. Lesen Sie jetzt „Wassermangel auf Berghütten - Heli liefert Trinkwasser“.,https://www.zeit.de/news/2026-08/05/wassermangel-auf-berghuetten-heli-liefert-trinkwasser,https://img.zeit.de/news/2026-08/05/wassermangel-auf-berghuetten-heli-liefert-trinkwasser-image-group/wide__1300x731,http://web.archive.org/web/20260805153719/https://www.zeit.de/news/2026-08/05/wassermangel-auf-berghuetten-heli-liefert-trinkwasser,"Die Hütten des Deutschen Alpenvereins (DAV) in den Alpen sind massiv von Wasserknappheit betroffen. «Wir haben auf fast allen Hütten derzeit Mangellagen, da werden die unterschiedlichsten Maßnahmen e… [+3998 chars]",,Folgen des Klimawandels: Wassermangel auf Berghütten - Heli liefert Trinkwasser. Hier finden Sie Informationen zu dem Thema „Folgen des Klimawandels“. Lesen Sie jetzt „Wassermangel auf Berghütten - Heli liefert Trinkwasser“.,Consequences of climate change: Water shortage in mountain huts - Heli supplies drinking water. Here you will find information on the topic “Consequences of climate change”. Now read “Water shortage in mountain huts - Heli delivers drinking water”.,"Consequentiae mutationis climatis: Aquae penuriae in casis montanis - Heli tribuit aquam bibens. Hic informationes invenies in themate ""Consecutiones mutationis climatis"". Nunc lege ""Aquae penuriae in montanis casis - Heli aquam liberat"".",2026-08-07 06:07:22+00:00
e03459609c58e1735adecbf1c3feb23b,2026-08-05T16:44:12Z,'Klimawandel',www.zeit.de,de,0.9,Almwirtschaft: Almbauern kämpfen mit Bürokratie und Klimawandel,Hier finden Sie Informationen zu dem Thema „Almwirtschaft“. Lesen Sie jetzt „Almbauern kämpfen mit Bürokratie und Klimawandel“.,https://www.zeit.de/news/2026-08/05/almbauern-kaempfen-mit-buerokratie-und-klimawandel,https://img.zeit.de/news/2026-08/05/almbauern-kaempfen-mit-buerokratie-und-klimawandel-image-group/wide__1300x731,http://web.archive.org/web/20260806024410/https://www.zeit.de/news/2026-08/05/almbauern-kaempfen-mit-buerokratie-und-klimawandel,"Almwirte in Oberbayern sind zufrieden mit dem Vorstoß von Bundeslandwirtschaftsminister Alois Rainer (CSU) zum Wolfabschuss. Trotzdem wird weiter über das Thema diskutiert. Etwa, wie im alpinen Raum … [+4336 chars]",,Almwirtschaft: Almbauern kämpfen mit Bürokratie und Klimawandel. Hier finden Sie Informationen zu dem Thema „Almwirtschaft“. Lesen Sie jetzt „Almbauern kämpfen mit Bürokratie und Klimawandel“.,Alpine farming: Alpine farmers struggle with bureaucracy and climate change. Here you will find information on the topic of “alpine farming”. Read “Alpine farmers struggle with bureaucracy and climate change” now.,"Alpini agriculturae: Alpini agricolae cum officiale et mutatione climatis pugnant. Hic informationes invenies in argumento ""culturae Alpinae"". Lege ""Alpini agricolae cum burocratica et mutatione climatis"" nunc pugnant.",2026-08-07 06:07:22+00:00
5e60ce27aee8d702d1111b106612ab88,2026-08-03T02:00:00Z,'Verbrenner-Aus Energiewende',www.freitag.de,de,0.9,Energiewende | Australien verschenkt jetzt Ökostrom,"Kohle galt in Australien lange als das Maß aller Dinge. Doch jetzt feiern auch dort die Erneuerbaren ihren Siegeszug Es gibt viele Gründe, von Australien zu schwärmen. Gerade kommt ein weiterer hinzu: Drei Stunden Strom gratis bekommen die Australier seit die…",https://www.freitag.de/autoren/joerg-schmilewski/australien-verschenkt-jetzt-oekostrom-siegeszug-der-erneuerbaren-in-down-under,https://www.freitag.de/autoren/joerg-schmilewski/australien-verschenkt-jetzt-oekostrom-siegeszug-der-erneuerbaren-in-down-under/@@images/image/great,http://web.archive.org/web/20260804050402/https://www.freitag.de/autoren/joerg-schmilewski/australien-verschenkt-jetzt-oekostrom-siegeszug-der-erneuerbaren-in-down-under,"Es gibt viele Gründe, von Australien zu schwärmen. Gerade kommt ein weiterer hinzu: Drei Stunden Strom gratis bekommen die Australier seit diesem Monat mit der „Solar Sharer Offer“ der Regierung. Wer… [+6835 chars]",,"Energiewende | Australien verschenkt jetzt Ökostrom. Kohle galt in Australien lange als das Maß aller Dinge. Doch jetzt feiern auch dort die Erneuerbaren ihren Siegeszug Es gibt viele Gründe, von Australien zu schwärmen. Gerade kommt ein weiterer hinzu: Drei Stunden Strom gratis bekommen die Australier seit die…",Energy transition | Australia is now giving away green electricity. Coal has long been considered the measure of all things in Australia. But now renewables are celebrating their triumph there too. There are many reasons to rave about Australia. Another thing has just been added: Australians have been getting three hours of free electricity since...,Energy transitus | Australia nunc viridis electricitatem dat. Calculus diu mensura omnium in Australia considerata est. At nunc innovationes ibi quoque triumphant. Multae rationes circa Australiam flexanimant. Alia res modo adiecta est: Australiani tres horas liberae electricitatis acceperunt cum ...,2026-08-07 10:45:55+00:00
d3f22358608bf82322e5854dcad80a7c,2026-08-05T02:21:34Z,'Solaranlagen Energiewende',www.n-tv.de,de,0.9,"""Mein Ziel ist mehr Markt"": Ministerin Reiche erwartet geringere Strompreise erst in 2030ern","Wirtschaftsministerin Reiche will die Energiewende mit der EEG-Reform kosteneffizienter gestalten und verspricht mittelfristig günstigere Strompreise. Kleinere Solaranlagen erhalten damit keine dauerhafte Förderung mehr, was Branchenverbände kritisieren.",https://www.n-tv.de/politik/Ministerin-Reiche-erwartet-geringere-Strompreise-erst-in-2030ern-id31159627.html,https://www.n-tv.de/img/31159696/1785902804/Img_16_9/1200/Bundeswirtschaftsministerin-Katherina-Reiche-CDU-waehrend-eines-Interviews-mit-der-Deutschen-Presse-Agentur-nach-ihrem-Besuch-der-Salzgitter-AG-im-Rahmen-ihrer-Sommerreise.jpg,http://web.archive.org/web/20260805223437/https://www.n-tv.de/politik/Ministerin-Reiche-erwartet-geringere-Strompreise-erst-in-2030ern-id31159627.html,"""Heute gibt der Bund für die EEG-Förderung 17 Milliarden Euro aus. Tendenz steigend"", rechnet Bundeswirtschaftsministerin Katherina Reiche vor. (Foto: picture alliance/dpa)
Wirtschaftsministerin Rei… [+1874 chars]",,"""Mein Ziel ist mehr Markt"": Ministerin Reiche erwartet geringere Strompreise erst in 2030ern. Wirtschaftsministerin Reiche will die Energiewende mit der EEG-Reform kosteneffizienter gestalten und verspricht mittelfristig günstigere Strompreise. Kleinere Solaranlagen erhalten damit keine dauerhafte Förderung mehr, was Branchenverbände kritisieren.","“My goal is more market”: Minister Reiche does not expect lower electricity prices until the 2030s. Economics Minister Reiche wants to make the energy transition more cost-efficient with the EEG reform and promises cheaper electricity prices in the medium term. This means that smaller solar systems no longer receive permanent funding, which industry associations criticize.","""Mea meta est mercatus magis"": Minister Reiche pretium electricitatis inferioris non exspectat usque ad 2030s. Minister oeconomicus Reiche industriam transitum magis efficacem reddere vult cum EEG reformatione et promissis vilioribus pretiis electricitatis in medio termino. Hoc significat, minores systemata solaria non diutius sumptuum permanentem recipere, quam industriae consociationes reprehendunt.",2026-08-07 10:45:55+00:00
a2473e5199df94dc8ed5fabecd2a13bc,2026-08-05T18:17:17Z,'erneuerbare Energien Energiewende',www.faz.net,de,0.9,"Energiewende in Polen: Sonne, Wind und Kernkraft für Polens Energiemarkt",Das Kohleland Polen baut erneuerbare Energien aus. Die Bevölkerung unterstützt das neuerdings – unter der Bedingung der Versorgungssicherheit.,https://www.faz.net/aktuell/wirtschaft/in-polen-waechst-die-akzeptanz-erneuerbarer-energien-201085359.html,https://media0.faz.net/image/w1200h627/a1332b1dccb3/w8256h4313x0y790o/202608/43601.0.2404244323/der-polnische.webp,http://web.archive.org/web/20260805232332/https://www.faz.net/aktuell/wirtschaft/in-polen-waechst-die-akzeptanz-erneuerbarer-energien-201085359.html,Anfang Juli stand Polens Ministerpräsident Donald Tusk in der Kleinstadt Kleczew östlich von Posen (Pozna) mit stolzem Blick auf einer Wiese. Hinter ihm reihten sich Solarpanels fast bis zum Horizont… [+5864 chars],,"Energiewende in Polen: Sonne, Wind und Kernkraft für Polens Energiemarkt. Das Kohleland Polen baut erneuerbare Energien aus. Die Bevölkerung unterstützt das neuerdings – unter der Bedingung der Versorgungssicherheit.","Energy transition in Poland: Sun, wind and nuclear power for Poland's energy market. The coal country Poland is expanding renewable energies. The population has recently been supporting this – under the condition of security of supply.","Energy transitus in Polonia: Sol, ventus et potentia nuclearis in mercatu energiae Poloniae. calculus reipublicae Poloniae renovationes vires auget. Plebs nuper hanc - sub condicione securitatis commeatus fovebat.",2026-08-08 05:37:59+00:00
484320181fb8be7a75e651e42121e321,2026-08-06T18:00:00Z,'Verbrenner-Aus Energiewende',www.sueddeutsche.de,de,0.9,Energiewende: US-Forscher empfehlen: Verschrottet die Benziner,"Wie lange sollte man einen Verbrenner noch fahren, bevor man aufs E-Auto umsteigt? Gar nicht mehr, sagt eine „Science“-Studie. Fürs Klima lohne sich ein Wechsel jederzeit, wenn das alte Auto dafür aus dem Verkehr gezogen wird.",https://www.sueddeutsche.de/wissen/usa-studie-benziner-verschrotten-klima-co2-li.3525883,https://www.sueddeutsche.de/2026/08/06/d8c3b50d-4e98-422e-9ca5-0372cd9a2c8a.jpg?q=60&fm=webp&width=1200&rect=494%2C226%2C3005%2C1690,,"Wer über den Kauf eines E-Autos nachdenkt, kommt häufig ins Grübeln: Wann ist der richtige Zeitpunkt, um einen optimalen Klimanutzen zu erzielen? Weil die Herstellung von E-Autos mehr Energie benötig… [+230 chars]",,"Energiewende: US-Forscher empfehlen: Verschrottet die Benziner. Wie lange sollte man einen Verbrenner noch fahren, bevor man aufs E-Auto umsteigt? Gar nicht mehr, sagt eine „Science“-Studie. Fürs Klima lohne sich ein Wechsel jederzeit, wenn das alte Auto dafür aus dem Verkehr gezogen wird.","Energy transition: US researchers recommend: scrap the gasoline engines. How long should you drive a combustion engine before switching to an electric car? Not at all anymore, says a “Science” study. For the climate, a change is always worthwhile if the old car is taken out of circulation.","Energy transitus: US investigatores suadent: gasoline machinas exiguo. Quam diu debetis machinam combustionem agitare ante commutatione ad currus electrici? Minime iam studium, inquit ""scientia"". Pro climatis mutatione semper operae pretium est si vetus currus e circulatione sumatur.",2026-08-08 20:21:28+00:00
3c0896a5a2e348a9618061b74c471a21,2026-08-07T04:53:23Z,'Klimawandel',www.sueddeutsche.de,de,0.9,SZ am Morgen: Nachrichten des Tages – die Übersicht für Eilige,Der Klimawandel betrifft Industrie und Tourismus. Die Drohnengefahr beschäftigt Experten. Saudi-Arabien befürchtet koordinierte Angriffe.,https://www.sueddeutsche.de/politik/klimawandel-drohnengefahr-saudi-arabien-li.3527742,https://www.sueddeutsche.de/2026/08/06/392780de-6474-4e9e-ba49-f3cbdbce1e32.jpg?q=60&fm=webp&width=1200&rect=0%2C107%2C2048%2C1152,,"In Deutschland hat man schon immer gern über das Wetter geklagt, wobei sich der Unmut meist eher gegen Schmuddel- und Nieseltage richtete als gegen die Wärme. Das hat sich jüngst geändert: Sieht man … [+3764 chars]",,SZ am Morgen: Nachrichten des Tages – die Übersicht für Eilige. Der Klimawandel betrifft Industrie und Tourismus. Die Drohnengefahr beschäftigt Experten. Saudi-Arabien befürchtet koordinierte Angriffe.,SZ am Morgen: News of the day - an overview for those in a hurry. Climate change affects industry and tourism. The drone threat concerns experts. Saudi Arabia fears coordinated attacks.,SZ am Morgen: Nuntii diei - inspectio pro festinantibus. Mutatio climatis industriam et voluptuaria afficit. minas fucus peritis concernit. Saudi Arabia metuit impetus ordinatae.,2026-08-09 01:10:39+00:00
a8f4e2ff5af5dd3f4e3d7ce92dc0bea9,2026-08-07T08:09:34Z,'Klimawandel',www.derstandard.at,de,0.9,"Klimaforscher Steininger in ""ZiB 2"": Klimawandel als Chance","Steininger betont im Gespräch mit Marie-Claire Zimmermann, dass keine Furcht vor dem Klimawandel geboten sei - ""Wir können handeln!""",https://www.derstandard.at/story/3000000334622/klimaforscher-steininger-in-zib-2-klimawandel-als-chance,https://i.ds.at/zoc2uw/rs:fill:1200:600/plain/lido-images/2026/08/07/decf7b6e-bcac-4d06-b198-fbd4cf552c3e.png,http://web.archive.org/web/20260807223434/https://www.derstandard.at/story/3000000334622/klimaforscher-steininger-in-zib-2-klimawandel-als-chance,"Karl Steininger ist einer der führenden Klimaforscher Österreichs und arbeitet im Wegner Center an der Uni Graz.
ORF
""Wie sehr überrascht Sie der heurige Sommer?"", fragt Marie-Claire Zimmermann am … [+756 chars]",,"Klimaforscher Steininger in ""ZiB 2"": Klimawandel als Chance. Steininger betont im Gespräch mit Marie-Claire Zimmermann, dass keine Furcht vor dem Klimawandel geboten sei - ""Wir können handeln!""","Climate researcher Steininger in ""ZiB 2"": Climate change as an opportunity. In an interview with Marie-Claire Zimmermann, Steininger emphasizes that there is no need to fear climate change - ""We can act!""","Clima indagator Steininger in ""ZiB II"": Clima mutationis occasio est. In colloquio cum Marie-Claire Zimmermann, Steininger inculcat nullam esse necessitatem timere mutationem climatis - ""agere possumus!""",2026-08-09 20:24:22+00:00
d1d19e04bcbb9ac61a16c932d6785d63,2026-08-09T11:00:00Z,'Energiewende',www.freitag.de,de,0.9,Lithium für die Energiewende: Warum grüner Kapitalismus neue Konflikte schafft,"Für die Energiewende brauchen wir Rohstoffe, doch ihr Abbau zerstört Ökosysteme und verschärft soziale Konflikte. Thea Riofrancos erforscht in ihrem jüngsten Buch diese Widersprüche und erklärt, warum E-Autos allein nicht die Lösung sind Die Energiewende soll…",https://www.freitag.de/autoren/nina-scholz/lithium-fuer-die-energiewende-warum-gruener-kapitalismus-neue-konflikte-schafft,https://www.freitag.de/autoren/nina-scholz/lithium-fuer-die-energiewende-warum-gruener-kapitalismus-neue-konflikte-schafft/@@images/image/great,http://web.archive.org/web/20260810080250/https://www.freitag.de/autoren/nina-scholz/lithium-fuer-die-energiewende-warum-gruener-kapitalismus-neue-konflikte-schafft,"Die Energiewende soll die Klimakrise bremsen, doch sie hat eine Kehrseite: Für Batterien, Solaranlagen und Stromspeicher werden enorme Mengen Lithium, Kupfer und anderer Rohstoffe benötigt. Ihr Abbau… [+11582 chars]",,"Lithium für die Energiewende: Warum grüner Kapitalismus neue Konflikte schafft. Für die Energiewende brauchen wir Rohstoffe, doch ihr Abbau zerstört Ökosysteme und verschärft soziale Konflikte. Thea Riofrancos erforscht in ihrem jüngsten Buch diese Widersprüche und erklärt, warum E-Autos allein nicht die Lösung sind Die Energiewende soll…","Lithium for the energy transition: Why green capitalism creates new conflicts. We need raw materials for the energy transition, but their extraction destroys ecosystems and exacerbates social conflicts. In her latest book, Thea Riofrancos explores these contradictions and explains why electric cars alone are not the solution. The energy transition should...","Lithium ad energiam transitus: Quare viridis capitalismus novas pugnas gignit. Materies rudis ad energiam transitus opus est, sed extractio oecosystemata destruit et conflictus sociales exacerbat. In ultimo libro, Thea Riofrancos has contradictiones explorat et explicat cur solae electrici carros solutioni non sint. Vis transitus ut...",2026-08-12 10:56:15+00:00
92f90e930119d7de82bf71e9b5939355,2026-08-08T05:11:00Z,'Klimawandel',www.dw.com,de,0.9,Der heißeste Sommer? So werden Temperatur-Rekorde gemessen,"Woher wissen Wissenschaftler, ob ein Tag oder Sommer tatsächlich der heißeste seit Beginn der Aufzeichnungen war? Und woher kommt die Skepsis an den Daten? Die DW hat Experten zum Thema Hitze und Klimawandel befragt.",https://www.dw.com/de/hitze-rekordtemperaturen-messdaten-klimawandel-heissester-sommer-wie-wird-gemessen/a-78277509,https://static.dw.com/image/78267714_6.jpg,http://web.archive.org/web/20260809040813/https://www.dw.com/de/hitze-rekordtemperaturen-messdaten-klimawandel-heissester-sommer-wie-wird-gemessen/a-78277509,"Noch ein Sommer mit Rekordtemperaturen.Von Nordostasien über Europa bis in die USA trägt extreme Hitze zu Tausenden von Todesfällen bei, schürt Waldbrände und bedroht die Energie- und Wasserversorgun… [+6019 chars]",,"Der heißeste Sommer? So werden Temperatur-Rekorde gemessen. Woher wissen Wissenschaftler, ob ein Tag oder Sommer tatsächlich der heißeste seit Beginn der Aufzeichnungen war? Und woher kommt die Skepsis an den Daten? Die DW hat Experten zum Thema Hitze und Klimawandel befragt.",The hottest summer? This is how temperature records are measured. How do scientists know if a day or summer was actually the hottest on record? And where does the skepticism about the data come from? DW interviewed experts about heat and climate change.,Aestas calidissima? Sic temperatura monumenta metiuntur. Quomodo phisici sciunt si dies vel aestas actu calidissimus fuit in memoria? Et ubi dubitat de notitia? DW peritis adierunt de calore et mutatione climatis.,2026-08-13 20:35:16+00:00
a28ebf5f12ec37410f79953be5253cd4,2026-08-05T12:15:02Z,'Netzausbau Energiewende',www.faz.net,de,0.9,Energieträger: Der Wasserstoff-Boom lässt weiter auf sich warten,"Industrie und Wissenschaft sind ernüchtert: Der Hoffnungsträger der Energiewende wird „teurer, knapper und später verfügbar als ursprünglich erhofft“. Ein Überblick über die großen Probleme im Hochlauf.",https://www.faz.net/aktuell/wirtschaft/klima-nachhaltigkeit/der-wasserstoff-boom-laesst-weiter-auf-sich-warten-201026226.html,https://media0.faz.net/image/w1200h627/ab4d88ca8e6d/w3000h1567x0y216o/202507/43601.0.1163089656/elektrolyseur-baustelle-in.webp,,"Noch vor nicht allzu langer Zeit war Wasserstoff eines der meistgehypten Themen der Energiewirtschaft. Der im besten Fall klimafreundliche Energieträger gilt dort, wo direkte Elektrifizierung technis… [+6600 chars]",,"Energieträger: Der Wasserstoff-Boom lässt weiter auf sich warten. Industrie und Wissenschaft sind ernüchtert: Der Hoffnungsträger der Energiewende wird „teurer, knapper und später verfügbar als ursprünglich erhofft“. Ein Überblick über die großen Probleme im Hochlauf.","Energy sources: The hydrogen boom is still a long time coming. Industry and science are disillusioned: the hope of the energy transition will be “more expensive, scarcer and available later than originally hoped”. An overview of the major problems during ramp-up.","Energy sources: Consectetuer BUTIO adhuc diu veniens. Industria et scientia falluntur: spes industriae transitus ""carior, rarior ac promptus postea quam primum speratur"". Recognitio problematum maioris in aggere.",2026-08-14 06:09:22+00:00
192fd0cb075285911e3f913ce5a98e5f,2026-08-06T15:50:56Z,'Netzausbau Energiewende',www.n-tv.de,de,0.9,"Energiesystem, das Geld bringt: ""Eine klug gemachte Energiewende spart 120 Milliarden Euro im Jahr""","Die Energiewende ist angeblich zu komplex und teuer. Dabei gibt Deutschland jedes Jahr 80 Milliarden Euro Erdöl und Erdgas aus. Geld, das einfach verschwindet. Diese Ausgaben schrumpfen jedoch mit jeder Wärmepumpe und jedem E-Auto. Ein Modellprojekt in Baden-…",https://www.n-tv.de/wirtschaft/Eine-klug-gemachte-Energiewende-spart-120-Milliarden-Euro-im-Jahr-id31164556.html,https://www.n-tv.de/img/31165370/1786014999/Img_16_9/1200/Windrad-in-der-Abendsonne-kurz-vor-Sonnenuntergang-Abendrot-faerbt-den-Himmel-ueber-Westfalen-erneuerbare-Energien-Ense-Juli-2026-Deutschland-Ense-Juli-2026-Windrad-in-der-Abendsonne-kurz-vor-Sonnenuntergang-die-Sonne-faerbt-den-Himmel-goldgelb-erneuerbare-Energien-Windpark-Windkraft-Solarenergie-Windenergie-Windenergieanlage-Kreis-Soest-Sommer-Wetter-Nordrhein-Westfalen-Wind-turbine-in-the-evening-sun-just-before-sunset-the-evening-glow-colors-the-sky-over-Westphalia-renewable-energy-Ense-July-2026-Germany-Ense-July-2026-wind-turbine-in-the-evening-sun-just-before-sunset-the-sun-turns-the-sky-golden-yellow-renewable-energy-wind-farm-wind-power-solar-energy-wind-energy-wind-turbine-Soest-District.jpg,,"Ein kleiner Kern von Lösungen reicht, um viel Geld zu sparen. Im Mittelpunkt stehen erneuerbare Energien. (Foto: IMAGO/Wolfgang Maria Weber)
Das Narrativ hält sich hartnäckig: Die Energiewende ist z… [+10823 chars]",,"Energiesystem, das Geld bringt: ""Eine klug gemachte Energiewende spart 120 Milliarden Euro im Jahr"". Die Energiewende ist angeblich zu komplex und teuer. Dabei gibt Deutschland jedes Jahr 80 Milliarden Euro Erdöl und Erdgas aus. Geld, das einfach verschwindet. Diese Ausgaben schrumpfen jedoch mit jeder Wärmepumpe und jedem E-Auto. Ein Modellprojekt in Baden-…","Energy system that makes money: “A smart energy transition saves 120 billion euros a year.” The energy transition is allegedly too complex and expensive. Germany spends 80 billion euros on oil and natural gas every year. Money that just disappears. However, these expenses shrink with every heat pump and every electric car. A model project in Baden-…","Energy ratio quae pecuniam facit: ""A dolor industria transitum servat 120 miliarda nummorum per annum."" Transitus navitas nimis implicata et pretiosa dicebatur. Germania 80 miliarda euros olei et gasi naturalis quotannis expendit. Pecunia quae mox evanescit. Sed hae expensae cum omni calore sentinae et cum omni autocineto electrico reformidant. Exemplar propositum in Baden-…",2026-08-14 06:09:22+00:00
78033ba1e133b1c408c8256254cb4b23,2026-08-02T12:24:38Z,'Verbrenner-Aus Energiewende',www.welt.de,de,0.9,Die Ökostrom-Lobby hängt an den Subventionen wie ein Junkie an der Nadel,"Im Bundestag droht eine harte Lobbyschlacht um die Finanzierung der Energiewende. Um die Solar-Lobby vom süßen Gift der Subventionen zu entwöhnen, sollte die Union nun ungewohnte Härte zeigen.",https://www.welt.de/wirtschaft/plus6a6b51c9b5b26399f0be155a/energiewende-die-oekostrom-lobby-haengt-an-subventionen-wie-ein-junkie-an-der-nadel.html,https://images.welt.de/6a6b51c9b5b26399f0be155a/f4a109e6458e18609dd4291c08bcb578-master/ci16x9-w1200/dpa-com-260701-935-1450572-jpg,http://web.archive.org/web/20260804092732/https://www.welt.de/wirtschaft/plus6a6b51c9b5b26399f0be155a/energiewende-die-oekostrom-lobby-haengt-an-subventionen-wie-ein-junkie-an-der-nadel.html,Die WELT als ePaper: Die vollständige Ausgabe steht Ihnen bereits am Vorabend zur Verfügung so sind Sie immer hochaktuell informiert. Weitere Informationen https://epaper.welt.de,,"Die Ökostrom-Lobby hängt an den Subventionen wie ein Junkie an der Nadel. Im Bundestag droht eine harte Lobbyschlacht um die Finanzierung der Energiewende. Um die Solar-Lobby vom süßen Gift der Subventionen zu entwöhnen, sollte die Union nun ungewohnte Härte zeigen.","The green energy lobby is hanging on to the subsidies like a junkie on a needle. There is a threat of a tough lobbying battle in the Bundestag over the financing of the energy transition. In order to wean the solar lobby from the sweet poison of subsidies, the Union should now show unusual toughness.","Viridis energia lobby in subsidiis pendens sicut junkie in acus. Est in Bundestag in Bundestag pugnae comminatio difficilis transitus energiae. Ut a dulci veneno subsidiorum ablactationis lobbyi solaris, Unionis duritiem insolitam nunc ostendere debet.",2026-08-14 10:53:08+00:00
768813eb4d288db0e8577d876fa2cb9c,2026-08-06T06:15:00Z,'Energiewende',www.deutsche-startups.de,de,0.9,#Interview - „Operative Arbeit motiviert mich am meisten“,"SpotMyEnergy setzt auf Smart Meter als Schlüssel für die Energiewende. Im Interview spricht Gründer Jochen Schwill über den Strommarkt der Zukunft, intelligente Energiesteuerung und den Reiz, erneut ein Startup aufzubauen.",https://www.deutsche-startups.de/2026/08/06/operative-arbeit-motiviert-mich-am-meisten/,https://www.deutsche-startups.de/wp-content/uploads/2026/06/Jochen-Schwill-Spot-my-Energy.jpg,http://web.archive.org/web/20260807170323/https://www.deutsche-startups.de/2026/08/06/operative-arbeit-motiviert-mich-am-meisten/,"Das Kölner Startup SpotMyEnergy, das 2023 vom Next Kraftwerke-Gründer Jochen Schwill gegründet wurde, setzt voll und ganz auf Smart Meter. Das Unternehmen übernimmt dabei die Messung, die Optimierung… [+5604 chars]",,"#Interview - „Operative Arbeit motiviert mich am meisten“. SpotMyEnergy setzt auf Smart Meter als Schlüssel für die Energiewende. Im Interview spricht Gründer Jochen Schwill über den Strommarkt der Zukunft, intelligente Energiesteuerung und den Reiz, erneut ein Startup aufzubauen.","#Interview - “Operational work motivates me the most”. SpotMyEnergy relies on smart meters as the key to the energy transition. In an interview, founder Jochen Schwill talks about the electricity market of the future, intelligent energy control and the appeal of building another startup.","#Interview - ""Opus Operationale me maxime movet."" SpotMyEnergy metris callidis innititur sicut clavis ad transitus energiae. In colloquio conditor Jochen Schill loquitur de foro electricitatis futuri, industriae intelligentis imperium et appellatio aliud initium aedificandi.",2026-08-14 10:53:08+00:00
e52e15af149c619b169e23f623d598d7,2026-08-07T14:41:39Z,'Energiewende',www.welt.de,de,0.9,Der nächste Energiewende-Widerspruch – Warum Berlin die Energiepflanze Mais ausbremst,"In aktuellen Dunkelflauten kann Biogas für ausfallende Wind- oder Solaranlagen einspringen. Doch ausgerechnet das Energiewende-Gesetz verhindert, dass dieser seine Vorteile voll ausspielen kann. Schuld ist der sogenannte Maisdeckel.",https://www.welt.de/wirtschaft/plus6a75c7fa0e3689919ec73f81/maisdeckel-der-naechste-energiewende-widerspruch-warum-berlin-die-energiepflanze-mais-ausbremst.html,https://images.welt.de/6a75c7fa0e3689919ec73f81/b65068598a06794b44da060a3ebfb0cc/ci16x9-w1200/dpa-com-260807-935-1527281-jpg,http://web.archive.org/web/20260811014806/https://www.welt.de/wirtschaft/plus6a75c7fa0e3689919ec73f81/maisdeckel-der-naechste-energiewende-widerspruch-warum-berlin-die-energiepflanze-mais-ausbremst.html,"In aktuellen Dunkelflauten kann Biogas für ausfallende Wind- oder Solaranlagen einspringen. Doch ausgerechnet das Energiewende-Gesetz verhindert, dass dieser seine Vorteile voll ausspielen kann. Schu… [+32 chars]",,"Der nächste Energiewende-Widerspruch – Warum Berlin die Energiepflanze Mais ausbremst. In aktuellen Dunkelflauten kann Biogas für ausfallende Wind- oder Solaranlagen einspringen. Doch ausgerechnet das Energiewende-Gesetz verhindert, dass dieser seine Vorteile voll ausspielen kann. Schuld ist der sogenannte Maisdeckel.","The next energy transition contradiction – Why Berlin is slowing down the energy crop corn. In current dark periods, biogas can fill in for failing wind or solar systems. But of all things, the Energy Transition Act prevents this from fully exploiting its advantages. The so-called corn cover is to blame.","Proxima energiae transitus contradictionis – Quare retardatio energiae segetis Berolini est. Hodiernis aetatibus obscuris, biogas implere possunt pro deficientibus ventis vel systematibus solaris. Sed omnium rerum, Actus Transitus Energia impedit, ne suis emolumentis plene opprimat. Sic dicta frumentum operculum culpa.",2026-08-14 10:53:08+00:00
7b69d7eb737a43d0a31b3ce5e3214eb1,2026-08-08T02:00:32Z,'Wärmewende',www.zeit.de,de,0.9,Wärmewende in Sachsen-Anhalt: Fernwärmepreise stabil – doch Versorger warnen,Hier finden Sie Informationen zu dem Thema „Wärmewende in Sachsen-Anhalt“. Lesen Sie jetzt „Fernwärmepreise stabil – doch Versorger warnen“.,https://www.zeit.de/news/2026-08/08/fernwaermepreise-stabil-doch-versorger-warnen,https://img.zeit.de/news/2026-08/08/fernwaermepreise-stabil-doch-versorger-warnen-image-group/wide__1300x731,http://web.archive.org/web/20260809201203/https://www.zeit.de/news/2026-08/08/fernwaermepreise-stabil-doch-versorger-warnen,"Stabile Preise, aber Unsicherheit beim weiteren Ausbau: Die Fernwärmepreise in Halle und Magdeburg haben sich zuletzt kaum verändert. In Halle sind sie seit Anfang 2024 nahezu konstant, in Magdeburg … [+4006 chars]",,Wärmewende in Sachsen-Anhalt: Fernwärmepreise stabil – doch Versorger warnen. Hier finden Sie Informationen zu dem Thema „Wärmewende in Sachsen-Anhalt“. Lesen Sie jetzt „Fernwärmepreise stabil – doch Versorger warnen“.,Heat transition in Saxony-Anhalt: District heating prices stable – but suppliers warn. Here you will find information on the topic “Heat transition in Saxony-Anhalt”. Now read “District heating prices stable – but suppliers warn”.,"Transitus caloris in Saxonia-Anhalt: Districtus calefactionis pretiis stabilis – sed praebitorum monent. Hic informationes invenies de argumento ""Caloris transitus in Saxonia-Anhalt"". Nunc lege ""Pretia calefactionis Districtus stabilis - sed praebitores monent"".",2026-08-14 20:24:58+00:00
7d0c781c1921d3d6a39337abb752ca98,2026-08-13T11:25:59Z,'Klimawandel',www.faz.net,de,0.9,UmdenkeN in der Hitze: Schneider: „Normales Wirtschaften im Klimawandel nicht mehr möglich“,"Jeder Tag ohne ausreichenden Klimaschutz koste die Wirtschaft 500 Millionen Euro, rechnet Umweltminister Carsten Schneider vor. Er will das Grundgesetz ändern, damit der Bund mehr für die Anpassung tun kann.",https://www.faz.net/aktuell/wirtschaft/mehr-wirtschaft/carsten-schneider-klimawandel-kostet-500-millionen-euro-taeglich-accg-201119102.html,https://media0.faz.net/image/w1200h627/c2f451b61227/w6144h3210x0y329o/202608/43601.0.2424660479/extremes-niedrigwasser-auf-dem.webp,http://web.archive.org/web/20260813161103/https://www.faz.net/aktuell/wirtschaft/mehr-wirtschaft/carsten-schneider-klimawandel-kostet-500-millionen-euro-taeglich-accg-201119102.html,"Umweltminister Carsten Schneider (SPD) zeichnet ein düsteres Bild in der Hitzewelle. Der Klimawandel sei keine ferne Fiktion mehr, sondern selbst in ehedem gemäßigten Zonen wie Deutschland längst Wir… [+3768 chars]",,"UmdenkeN in der Hitze: Schneider: „Normales Wirtschaften im Klimawandel nicht mehr möglich“. Jeder Tag ohne ausreichenden Klimaschutz koste die Wirtschaft 500 Millionen Euro, rechnet Umweltminister Carsten Schneider vor. Er will das Grundgesetz ändern, damit der Bund mehr für die Anpassung tun kann.",Rethinking in the heat: Schneider: “Normal business is no longer possible in the face of climate change”. Environment Minister Carsten Schneider calculates that every day without sufficient climate protection costs the economy 500 million euros. He wants to change the Basic Law so that the federal government can do more to adapt.,"Calore recogitans: Schneider: ""Negotium normale in facie mutatio climatis"" non diutius fieri potest"". Operatio minister Carsten Schneider aestimat cotidie sine sufficienti praesidio climatis oeconomiam 500 miliones nummorum constare. Legem fundamentalem mutare vult ut regimen foederati magis accommodare possit.",2026-08-15 05:19:42+00:00
3beeed41f4c882affb4e393a200a0303,2026-08-13T11:56:50Z,'Klimawandel',www.nzz.ch,de,0.9,Hitze in der Schweiz und in Deutschland: Welche Faktoren zu dem extremen Sommer beigetragen haben,"Im Zuge des Klimawandels steigt die Wahrscheinlichkeit neuer Temperaturrekorde. Auch der Regenmangel im Frühjahr hat diesen Hitzesommer begünstigt. Unklar ist, ob das Pazifikphänomen El Niño eine Rolle gespielt hat.",https://www.nzz.ch/wissenschaft/hitze-in-der-schweiz-und-in-deutschland-welche-faktoren-zu-dem-extremen-sommer-beigetragen-haben-ld.10018897,"https://img-msp-prod.nzz.ch/2026/08/12/0a6678e4-26d9-4d52-81a5-39df2b1c3e6b.jpg?width=1200&height=675&fit=bounds&quality=75&auto=webp&crop=6371,3584,x333,y405&wmark=nzz",,"Im Zuge des Klimawandels steigt die Wahrscheinlichkeit neuer Temperaturrekorde. Auch der Regenmangel im Frühjahr hat diesen Hitzesommer begünstigt. Unklar ist, ob das Pazifikphänomen El Niño eine Rol… [+5680 chars]",,"Hitze in der Schweiz und in Deutschland: Welche Faktoren zu dem extremen Sommer beigetragen haben. Im Zuge des Klimawandels steigt die Wahrscheinlichkeit neuer Temperaturrekorde. Auch der Regenmangel im Frühjahr hat diesen Hitzesommer begünstigt. Unklar ist, ob das Pazifikphänomen El Niño eine Rolle gespielt hat.","Heat in Switzerland and Germany: Which factors contributed to the extreme summer. As climate change increases, the likelihood of new temperature records increases. The lack of rain in spring also contributed to this hot summer. It is unclear whether the Pacific phenomenon El Niño played a role.","Calor in Helvetia et Germania: Quae res ad summam aestatem contulerunt. Cum mutationem climatis auget, verisimilitudo novis monumentis temperaturas auget. Inopia pluviae vere etiam ad hanc aestatem calidam contulit. Incertum est an phaenomenon Pacificum El Niño partes egit.",2026-08-15 05:19:42+00:00
f2b343b76a3dd6b5ec39028c4f8e65b7,2026-08-13T12:38:45Z,'Klimawandel',www.sueddeutsche.de,de,0.9,Hitzesommer: Mit der Anpassung an den Klimawandel ist es nicht getan,"Nach Wochen der Hitze debattiert Deutschland darüber, wie es sich für solche Phasen wappnen kann. Wissenschaftler warnen davor, darüber den Klimaschutz aus den Augen zu verlieren – denn sonst wird es noch deutlich schlimmer kommen.",https://www.sueddeutsche.de/politik/hitze-anpassung-klimaschutz-warnung-wissenschaftler-li.3530851,https://www.sueddeutsche.de/2026/08/13/ae3a58e2-40fa-4668-8c52-736e37b033b8.jpg?q=60&fm=webp&width=1200&rect=543%2C321%2C2812%2C1582,,"Der Rhein wird zunehmend zur Rinne, Krankenhäuser schieben Patienten in den kühleren Nordflügel, Traktoren ziehen Staubwolken über die Äcker: Deutschland im August 2026, einem Sommer des Klimawandels… [+473 chars]",,"Hitzesommer: Mit der Anpassung an den Klimawandel ist es nicht getan. Nach Wochen der Hitze debattiert Deutschland darüber, wie es sich für solche Phasen wappnen kann. Wissenschaftler warnen davor, darüber den Klimaschutz aus den Augen zu verlieren – denn sonst wird es noch deutlich schlimmer kommen.","Hot summer: Adapting to climate change is not enough. After weeks of heat, Germany is debating how it can prepare for such phases. Scientists warn against losing sight of climate protection - otherwise things will get much worse.",Aestas calida: Accommodatio ad mutationem climatis non sufficit. Post hebdomades caloris Germania agitatur quomodo talibus gradibus praeparare possit. Docti monent ne conspectum tutelae climatis - alioquin multo peius res sit.,2026-08-15 05:19:42+00:00
ba62dd904008e64df861b3a1c78f16bb,2026-08-13T14:07:49Z,'Klimawandel',www.spektrum.de,de,0.9,Waldbrände: Brandsaison wie in Kalifornien auch in Europa möglich,Die Rekord-Feuersaison 2026 in Frankreich und Spanien ist nur der Anfang: Wegen des Klimawandels dürften großflächige sommerliche Feuer künftig in Teilen Europas zur Norm werden.,https://www.spektrum.de/news/braende-in-spanien-und-frankreich-klimawandel-beschert-europa-mehr-feuer/2339159,https://static.spektrum.de/fm/912/f1920x1080/GettyImages-2286803963.jpg,,"Dieses Jahr könnte laut Fachleuten einen Umbruch markieren: Nach Jahrzehnten relativer Ruhe entwickelt Südeuropa nun ein Brandmuster, das dem von notorisch feuergefährdeten Gebieten wie Kalifornien ä… [+4680 chars]",,Waldbrände: Brandsaison wie in Kalifornien auch in Europa möglich. Die Rekord-Feuersaison 2026 in Frankreich und Spanien ist nur der Anfang: Wegen des Klimawandels dürften großflächige sommerliche Feuer künftig in Teilen Europas zur Norm werden.,"Forest fires: Fire season like in California also possible in Europe. The record fire season of 2026 in France and Spain is just the beginning: due to climate change, large-scale summer fires are likely to become the norm in parts of Europe in the future.","Ignes silvae: tempus ignis simile in California etiam in Europa possibilis est. Commentarius ignis anni 2026 in Gallia et Hispania solum initium est: propter mutationem climatis, magna-scala aestatis incendia, norma in partibus Europae futurae futurae erunt.",2026-08-15 05:19:42+00:00
1dd86f9c84c486ad821e353b3c0eac67,2026-08-13T15:23:00Z,'Klimawandel',www.sueddeutsche.de,de,0.9,Klimawandel: Zu schnell für die AMOC,"Bisher gingen Forschende davon aus, dass die Atlantikströmung bei einem bestimmten Schwellenwert kollabiert. Doch nun zeigt eine Studie: Auch das Tempo der Erderwärmung ist entscheidend.",https://www.sueddeutsche.de/projekte/artikel/wissen/amoc-klimawandel-e156893/,"https://www.sueddeutsche.de/projekte/artikel/wissen/amoc-klimawandel-e156893/e35130668557c4ceb3ec26864ff0b525fff82fa09068f386f1fb5a0dbe83c867_w2400_h1256_r36,0,1824,955_q70.jpg",,"Es ist zum Haare raufen. Seit Jahrzehnten versuchen Klimaforscher zu verstehen, wie die Atlantische Umwälzzirkulation (AMOC) auf den Klimawandel reagieren wird. Das System an Meeresströmungen im Atla… [+310 chars]",,"Klimawandel: Zu schnell für die AMOC. Bisher gingen Forschende davon aus, dass die Atlantikströmung bei einem bestimmten Schwellenwert kollabiert. Doch nun zeigt eine Studie: Auch das Tempo der Erderwärmung ist entscheidend.","Climate change: Too fast for the AMOC. Previously, researchers assumed that the Atlantic current collapsed at a certain threshold. But now a study shows: the pace of global warming is also crucial.","Mutatio climatis: Nimis celeriter pro AMOC. Antea, investigatores posuerunt currentem Atlanticum in quodam limine concidisse. Nunc autem studium ostendit: gressum etiam globalis calefactionis crucialus est.",2026-08-15 05:19:42+00:00
8cfd5d54dcd9abc760392bccbfd5e8b3,2026-08-13T16:06:25Z,'Klimawandel',www.tagesspiegel.de,de,0.9,„Wir sind an einem Scheidepunkt“: Klimawandel bedroht Potsdams Park Sanssouci und Babelsberg,Die deutschen Schlösserverwaltungen warnen vor zunehmenden Schäden durch die Klimakrise. In Potsdam werden wirksame Maßnahmen zum Erhalt der Parks erforscht.,https://www.tagesspiegel.de/potsdam/landeshauptstadt/wir-sind-an-einem-scheidepunkt-klimawandel-bedroht-potsdams-park-sanssouci-und-babelsberg-15940491.html,https://www.tagesspiegel.de/images/15940857/alternates/BASE_16_9_W1400/1786635463000/park-und-schloss-babelsberg.jpeg,,"Dürren, Hitze, Sturm und Starkregen bedrohen die Potsdamer Schlossparks immer mehr. Christoph Martin Vogtherr, Generaldirektor der Stiftung Preußische Schlösser und Gärten (SPSG), schätzt den klima­b… [+129 chars]",,„Wir sind an einem Scheidepunkt“: Klimawandel bedroht Potsdams Park Sanssouci und Babelsberg. Die deutschen Schlösserverwaltungen warnen vor zunehmenden Schäden durch die Klimakrise. In Potsdam werden wirksame Maßnahmen zum Erhalt der Parks erforscht.,“We are at a crossroads”: Climate change threatens Potsdam’s Sanssouci Park and Babelsberg. The German castle administrations are warning of increasing damage caused by the climate crisis. Effective measures to preserve the parks are being researched in Potsdam.,"""In triviis sumus"": Clima mutatio Potsdam's Sanssouci Park et Babelsberg minatur. Administrationes castri Germanici monent, ut damnum augendi discriminis climatis causatur. Effectiva mensurae conservativae pomaria in Potsdam investigentur.",2026-08-15 05:19:42+00:00
16fe2eef56a21b5d352cd2d67b93ec34,2026-08-13T17:31:00Z,'Klimawandel',www.prnewswire.com,de,0.9,Neuer Bericht: Trotz einer besseren Anerkennung indigener Völker schränken die fragmentierten Rio-Konventionen den Einfluss indigener Völker ein,"Die Zersplitterung und die Hindernisse beim Zugang indigener Völker zu Entscheidungsprozessen schmälern die Wirksamkeit der UN-Konventionen zu Klimawandel, Verlust der biologischen Vielfalt und Bodendegradation, können jedoch durch Maßnahmen von Nationalstaat…",https://www.prnewswire.com/news-releases/neuer-bericht-trotz-einer-besseren-anerkennung-indigener-volker-schranken-die-fragmentierten-rio-konventionen-den-einfluss-indigener-volker-ein-302851213.html,https://mmx.prnewswire.com/media/MS1969233/Nia-Tero-Indigenous-rights-representation.jpg?id=OA2882236&p=facebook,http://web.archive.org/web/20260813221818/https://www.prnewswire.com/news-releases/neuer-bericht-trotz-einer-besseren-anerkennung-indigener-volker-schranken-die-fragmentierten-rio-konventionen-den-einfluss-indigener-volker-ein-302851213.html,"Die Zersplitterung und die Hindernisse beim Zugang indigener Völker zu Entscheidungsprozessen schmälern die Wirksamkeit der UN-Konventionen zu Klimawandel, Verlust der biologischen Vielfalt und Boden… [+4961 chars]",,"Neuer Bericht: Trotz einer besseren Anerkennung indigener Völker schränken die fragmentierten Rio-Konventionen den Einfluss indigener Völker ein. Die Zersplitterung und die Hindernisse beim Zugang indigener Völker zu Entscheidungsprozessen schmälern die Wirksamkeit der UN-Konventionen zu Klimawandel, Verlust der biologischen Vielfalt und Bodendegradation, können jedoch durch Maßnahmen von Nationalstaat…","New report: Despite better recognition of indigenous peoples, the fragmented Rio Conventions limit the influence of indigenous peoples. The fragmentation and barriers to indigenous peoples' access to decision-making diminish the effectiveness of the UN conventions on climate change, biodiversity loss and land degradation, but can be addressed through nation-state action.","Nova relatio: Quamvis indigenarum populorum cognitio melior, Conventiones redacta Rio deducunt influxum populorum indigenarum. ruptio et claustra ad indigenarum aditum ad decernendum efficaciam IR conventionum in mutatione climatis, biodiversitatis detrimento et terrae deformatione minuunt, sed per actionem nationis civitatis appellari possunt.",2026-08-15 05:19:42+00:00
79a64d6cfd8e52b621b2c3b9eb88c0ce,2026-08-14T03:07:26Z,'Klimawandel',www.bild.de,de,0.9,Wetter-Experte Jörg Kachelmann - „Ihr seid einfach ein durchgeknalltes Land“,"Jörg Kachelmann spricht Klartext über die außergewöhnliche Hitze, Klimawandel, Waldbrände und gefährliche Mythen zur Abkühlung. Seine wichtigsten Fakten und Tipps im Überblick.",https://www.bild.de/politik/inland/joerg-kachelmann-dann-haetten-wir-in-berlin-45-grad-6a7ddbaddc674b59e6e1d7a8,"https://images.bild.de/6a7ddbaddc674b59e6e1d7a8/f2538171423060d5cf79a1af7c0cbd33,c3e81327?w=1280",http://web.archive.org/web/20260814092818/https://www.bild.de/politik/inland/joerg-kachelmann-dann-haetten-wir-in-berlin-45-grad-6a7ddbaddc674b59e6e1d7a8,"TTS-Player überspringenArtikel weiterlesenBerlin Hitze, Dürre, Waldbrände: Dieser Sommer trifft Europa mit Wucht und löst in Parlamenten wie Biergärten heftige Debatten aus. Was ist noch Wetter, was … [+4423 chars]",,"Wetter-Experte Jörg Kachelmann - „Ihr seid einfach ein durchgeknalltes Land“. Jörg Kachelmann spricht Klartext über die außergewöhnliche Hitze, Klimawandel, Waldbrände und gefährliche Mythen zur Abkühlung. Seine wichtigsten Fakten und Tipps im Überblick.","Weather expert Jörg Kachelmann - “You are simply a crazy country”. Jörg Kachelmann speaks plainly about the extraordinary heat, climate change, forest fires and dangerous myths about cooling down. His most important facts and tips at a glance.","Tempestas peritus Jörg Kachelmann - ""es simpliciter insanis patria"". Jörg Kachelmann aperte loquitur de singulari calore, mutatione climatis, incendiis silvestribus et de refrigerationibus periculosis fabulis. Praecipua eius facta et apicibus visu.",2026-08-15 05:19:42+00:00
d015dfbd49d9b0bc29bb2a2126b853e2,2026-08-10T13:42:09Z,'Energiewende',www.n-tv.de,de,0.9,Energiesicherheit in Gefahr: Der Sommer wird zum Belastungstest für die deutsche Energieversorgung,"Deutschland erlebt derzeit einen der heißesten Sommer seiner Messgeschichte, der ein scheinbares Paradox der Energiewende offenbart. In einer Welt, in der die Sonne als Versprechen für nahezu kostenlose Energie und wirksamen Klimaschutz gilt, gefährden ausger…",https://www.n-tv.de/politik/Der-Sommer-wird-zum-Belastungstest-fuer-die-deutsche-Energieversorgung-id31176784.html,https://www.n-tv.de/img/31176977/1786361981/Img_16_9/1200/DEU-DEUTSCHLAND-Das-ausgetrocknete-Flussbett-vom-Rhein-in-Bonn-09-08.jpg,http://web.archive.org/web/20260810210945/https://www.n-tv.de/politik/Der-Sommer-wird-zum-Belastungstest-fuer-die-deutsche-Energieversorgung-id31176784.html,"Der Rhein bei Kaub. Auch Niedrigwasser ist ein Problem für die Energiesicherheit. (Foto: picture alliance/dpa)
Deutschland erlebt derzeit einen der heißesten Sommer seiner Messgeschichte, der ein sc… [+6940 chars]",,"Energiesicherheit in Gefahr: Der Sommer wird zum Belastungstest für die deutsche Energieversorgung. Deutschland erlebt derzeit einen der heißesten Sommer seiner Messgeschichte, der ein scheinbares Paradox der Energiewende offenbart. In einer Welt, in der die Sonne als Versprechen für nahezu kostenlose Energie und wirksamen Klimaschutz gilt, gefährden ausger…","Energy security in danger: Summer will be a stress test for Germany's energy supply. Germany is currently experiencing one of the hottest summers in its measurement history, which reveals an apparent paradox of the energy transition. In a world in which the sun is seen as the promise of almost free energy and effective climate protection,...","Energy securitas in periculo erit: Aestas accentus probatio erit copia energiae Germaniae. Nunc in Germania unam aestates calidissimas in historia mensurae experitur, quae apparens paradoxum energiae transitus ostendit. In mundo in quo sol videtur promissio liberae fere industriae et tutelae caeli effectivae,...",2026-08-15 10:16:33+00:00
cc3bae1291584187d0c6300b1a7a7cbc,2026-08-09T08:29:19Z,'Klimawandel',www.n-tv.de,de,0.9,Vorgeschmack auf neue Normalität: Kann die Hitze zu mehr Klimaschutz bewegen?,Dauerhafte Temperaturen über 30 Grad und verheerende Waldbrände: Die Folgen des Klimawandels sind früher spürbar als erwartet. Kann das der lahmenden Klimabewegung neuen Aufschwung verleihen?,https://www.n-tv.de/panorama/Kann-die-Hitze-zu-mehr-Klimaschutz-bewegen-id31165696.html,https://www.n-tv.de/img/31165881/1786020735/Img_16_9/1200/Thermometer-zeigt-ueber-35-Grad-Celsius-Hitzewelle-Sommerhitze.jpg,,"Das Thermometer zeigt immer häufiger mehr als 35 Grad Celsius an. (Foto: picture alliance / CHROMORANGE)
Dauerhafte Temperaturen über 30 Grad und verheerende Waldbrände: Die Folgen des Klimawandels … [+8789 chars]",,Vorgeschmack auf neue Normalität: Kann die Hitze zu mehr Klimaschutz bewegen?. Dauerhafte Temperaturen über 30 Grad und verheerende Waldbrände: Die Folgen des Klimawandels sind früher spürbar als erwartet. Kann das der lahmenden Klimabewegung neuen Aufschwung verleihen?,A taste of the new normal: Can the heat encourage more climate protection? Permanent temperatures above 30 degrees and devastating forest fires: the consequences of climate change are noticeable earlier than expected. Can this give new impetus to the lame climate movement?,Gustus novi normali: Potestne calor plus praesidii climatis incitare? Temperaturae permanentes supra 30 gradus et incendia silvestrem populantur: consecutiones mutationis climatis maturius quam expectatae sunt. Potestne hic claudo motui climatis novum impetum dare?,2026-08-17 05:29:56+00:00
617cafd87ad101aef53d377dd66b55b6,2026-08-14T06:14:02Z,'Verbrenner-Aus Energiewende',www.golem.de,de,0.9,Stromspeicher: Deutschlands größter Batterieverbund geht ans Netz,"Bei Leuna ist Deutschlands größter Batteriespeicherverbund eingeweiht worden. Er soll Strom aus Wind und Sonne flexibler nutzbar machen. (Energiewende, Smart Meter)",https://www.golem.de/sonstiges/zustimmung/auswahl.html?from=https://www.golem.de/news/stromspeicher-deutschlands-groesster-batterieverbund-geht-ans-netz-2608-211924.html&referer=https://t.co/9b7adbcad0,,http://web.archive.org/web/20260814192942/https://www.golem.de/sonstiges/zustimmung/auswahl.html?from=https%3A%2F%2Fwww.golem.de%2Fnews%2Fstromspeicher-deutschlands-groesster-batterieverbund-geht-ans-netz-2608-211924.html,"Besuchen Sie Golem.de wie gewohnt mit Werbung und Tracking,
 indem Sie der Nutzung aller Cookies zustimmen.
 Details zum Tracking finden Sie im Privacy Center.
Skript wurde nicht geladen. Informat… [+607 chars]",,"Stromspeicher: Deutschlands größter Batterieverbund geht ans Netz. Bei Leuna ist Deutschlands größter Batteriespeicherverbund eingeweiht worden. Er soll Strom aus Wind und Sonne flexibler nutzbar machen. (Energiewende, Smart Meter)","Electricity storage: Germany's largest battery network goes online. Germany's largest battery storage network was inaugurated near Leuna. It is intended to make electricity from wind and solar usable more flexibly. (energy transition, smart meters)","Electricity reposita: Germaniae maximae altilium retiacula online accedit. Repositionis repositionis maximae Germaniae apud Leunam inaugurata est. Propositum est electricitatem facere ex vento et mollius utibile solare. (Vis transitus, dolor metris)",2026-08-18 00:50:27+00:00
a4de515723217762f7cace196df584de,2026-08-14T06:43:48Z,'Klimawandel',www.faz.net,de,0.9,Gefahr durch Niedrigwasser: Industrie im Trockenstress,"Wer den Klimawandel nicht bekämpft, muss lernen, mit seinen Folgen zu leben. Die Dürre wird zu einer Herausforderung für die gesamte Wirtschaft.",https://www.faz.net/aktuell/wirtschaft/mehr-wirtschaft/rhein-niedrigwasser-trockenstress-fuer-basf-und-industrie-201118688.html,https://media0.faz.net/image/w1200h627/a0091810ac6c/w8640h4514x0y294o/202607/43601.0.2344509348/zu-wenig-wasser-das.webp,http://web.archive.org/web/20260815062414/https://www.faz.net/aktuell/wirtschaft/mehr-wirtschaft/rhein-niedrigwasser-trockenstress-fuer-basf-und-industrie-201118688.html,"Ohne Wasser gibt es keine Chemie. Es ist kein Zufall, dass sich die größten Chemie- und Pharmaunternehmen Europas am Rhein angesiedelt haben:  Roche, Novartis und Lonza in der Schweiz, BASF, Bayer, E… [+4396 chars]",,"Gefahr durch Niedrigwasser: Industrie im Trockenstress. Wer den Klimawandel nicht bekämpft, muss lernen, mit seinen Folgen zu leben. Die Dürre wird zu einer Herausforderung für die gesamte Wirtschaft.",Danger from low water: Industry in drought stress. Those who do not fight climate change must learn to live with its consequences. The drought is becoming a challenge for the entire economy.,"Periculum ex aqua humilis: Industry in siccitate lacus. Qui mutationem climatis non pugnant, discant cum suis consectariis vivere. Siccitas fit provocatio ad totam oeconomiam.",2026-08-19 05:23:13+00:00
fd87d3b75a0cbc1e6b8f99e96c83abea,2026-08-04T02:00:26Z,'Energiewende',www.zeit.de,de,0.9,Energiewende: 220.000 Balkonkraftwerke in Bayern,Hier finden Sie Informationen zu dem Thema „Energiewende“. Lesen Sie jetzt „220.000 Balkonkraftwerke in Bayern“.,https://www.zeit.de/news/2026-08/04/220-000-balkonkraftwerke-in-bayern,https://img.zeit.de/news/2026-08/04/220-000-balkonkraftwerke-in-bayern-image-group/wide__1300x731,http://web.archive.org/web/20260806002533/https://www.zeit.de/news/2026-08/04/220-000-balkonkraftwerke-in-bayern,"In Bayern sind inzwischen mehr als 220.000 Balkonkraftwerke in Betrieb. Das geht aus aktuellen Zahlen des Marktstammdatenregisters hervor, die die dpa ausgewertet hat. Zusammen kommen die Anlagen auf… [+1165 chars]",,Energiewende: 220.000 Balkonkraftwerke in Bayern. Hier finden Sie Informationen zu dem Thema „Energiewende“. Lesen Sie jetzt „220.000 Balkonkraftwerke in Bayern“.,"Energy transition: 220,000 balcony power plants in Bavaria. Here you will find information on the topic of “energy transition”. Read “220,000 balcony power plants in Bavaria” now.","Energy transitus: 220,000 plantarum podium podium in Bavaria. Hic informationes invenies in argumento ""energiae transitus"". Read ""220,000 plantarum podium potentiae in Bavaria"" nunc.",2026-08-22 10:16:21+00:00
3bacc0c69ebe2ca7eb98b4acda39c05a,2026-08-17T07:51:02Z,'Stromspeicher Energiewende',www.golem.de,de,0.9,Batteriespeicher: Europas größte Batterie geht in Schottland ans Netz,"Das Land, das mehr Strom aus Wind produziert, als es verbrauchen kann, stärkt mit dem Stromspeicher seine Unabhängigkeit von anderen Stromquellen. (Energiewende, Akku)",https://www.golem.de/sonstiges/zustimmung/auswahl.html?from=https://www.golem.de/news/batteriespeicher-europas-groesste-batterie-geht-in-schottland-ans-netz-2608-211983.html&referer=https://t.co/7a78331249,,,"Besuchen Sie Golem.de wie gewohnt mit Werbung und Tracking,
 indem Sie der Nutzung aller Cookies zustimmen.
 Details zum Tracking finden Sie im Privacy Center.
Skript wurde nicht geladen. Informat… [+607 chars]",,"Batteriespeicher: Europas größte Batterie geht in Schottland ans Netz. Das Land, das mehr Strom aus Wind produziert, als es verbrauchen kann, stärkt mit dem Stromspeicher seine Unabhängigkeit von anderen Stromquellen. (Energiewende, Akku)","Battery storage: Europe's largest battery goes online in Scotland. The country, which produces more electricity from wind than it can consume, is strengthening its independence from other electricity sources with electricity storage. (energy transition, battery)","Repono: Europa maxima altilium online in Scotia accedit. Patria, quae plus electricitatis ex vento quam potest consumere, confirmat suam independentiam ab aliis electricitatis fontibus cum electricitate repono. (Vis transitus, altilium)",2026-08-24 10:31:44+00:00
c66f325a3075a5ffa3b874553c8a7ef3,2026-08-02T03:30:00Z,'Ökologie Klimawandel',www.nzz.ch,de,0.9,Klimawandel? Mais bien sûr. Die Kehrtwende der Le-Pen-Partei nach den Waldbränden,"Jahrzehntelang hatten Frankreichs Rechtsextreme den Klimawandel geleugnet. Seit enorme Feuer lodern, spricht das Rassemblement national auf einmal darüber – und empfiehlt noch mehr Atomkraft und Klimaanlagen.",https://www.nzz.ch/international/klimawandel-mais-bien-sur-die-kehrtwende-der-le-pen-partei-nach-den-waldbraenden-ld.10017450,"https://img-msp-prod.nzz.ch/2026/07/29/0ca6b124-5da1-4815-9548-c078fe083b6e.jpg?width=1200&height=674&fit=bounds&quality=75&auto=webp&crop=1988,1118,x0,y507&wmark=nzz",http://web.archive.org/web/20260803072634/https://www.nzz.ch/international/klimawandel-mais-bien-sur-die-kehrtwende-der-le-pen-partei-nach-den-waldbraenden-ld.10017450,"Jahrzehntelang hatten Frankreichs Rechtsextreme den Klimawandel geleugnet. Seit enorme Feuer lodern, spricht das Rassemblement national auf einmal darüber  und empfiehlt noch mehr Atomkraft und Klima… [+7128 chars]",,"Klimawandel? Mais bien sûr. Die Kehrtwende der Le-Pen-Partei nach den Waldbränden. Jahrzehntelang hatten Frankreichs Rechtsextreme den Klimawandel geleugnet. Seit enorme Feuer lodern, spricht das Rassemblement national auf einmal darüber – und empfiehlt noch mehr Atomkraft und Klimaanlagen.","Climate change? Mais bien sûr. The Le Pen party's about-face after the forest fires. France's right-wing extremists had denied climate change for decades. Since enormous fires have been blazing, the Rassemblement is suddenly talking about it nationally - and recommending even more nuclear power and air conditioning.","Clima mutationis? Mais bien sur. Factio Le Pen circa-faciem post ignes silvarum est. Franciae dextro cornu extremistis negaverat mutationem climatis per decades. Cum ignes immensae ardentes sunt, concursus subito de illo nationaliter loquitur - et etiam magis nuclearem vim et condiciones aeris commendans.",2026-08-26 00:54:18+00:00
26213298426699cc9aa884790b000d77,2026-08-20T14:24:47Z,'Energiewende',www.welt.de,de,0.9,Hamburgs H2-Connector – Die neue Schaltstelle der Industrie,"Hamburg setzt bei der Energiewende auf Wasserstoff. Damit der Energieträger künftig aus Moorburg, über den Hafen und aus dem bundesweiten Netz zu Industriebetrieben gelangen kann, wird nun eine weitere zentrale Anlage gebaut: der H2-Connector.",https://www.welt.de/regionales/hamburg/article6a86f2cb2073297bd594c025/energiewende-hamburgs-h2-connector-die-neue-schaltstelle-der-industrie.html,https://images.welt.de/6a86f2cb2073297bd594c025/91edd55a2a5231af4ba93e5b149dfbf3-master/ci16x9-w1200/dpa-com-260820-936-67085-jpg,http://web.archive.org/web/20260820193854/https://www.welt.de/regionales/hamburg/article6a86f2cb2073297bd594c025/energiewende-hamburgs-h2-connector-die-neue-schaltstelle-der-industrie.html,"Hamburg setzt bei der Energiewende auf Wasserstoff. Damit der Energieträger künftig aus Moorburg, über den Hafen und aus dem bundesweiten Netz zu Industriebetrieben gelangen kann, wird nun eine weite… [+3374 chars]",,"Hamburgs H2-Connector – Die neue Schaltstelle der Industrie. Hamburg setzt bei der Energiewende auf Wasserstoff. Damit der Energieträger künftig aus Moorburg, über den Hafen und aus dem bundesweiten Netz zu Industriebetrieben gelangen kann, wird nun eine weitere zentrale Anlage gebaut: der H2-Connector.","Hamburg’s H2 connector – the new switching point for the industry. Hamburg is relying on hydrogen for its energy transition. So that the energy source can be transported from Moorburg, via the port and from the nationwide network to industrial companies in the future, another central system is now being built: the H2 connector.","H2 connector Hamburgensis – novum punctum commutationis pro industria. Hamburg in hydrogenio propter energiam transitus fretus est. Ut fons energiae ex Moorburg, via portu et a retiacula nationum ad societates industriales in futuro transferri possit, alia ratio centralis nunc aedificatur: H2 iungo.",2026-08-26 05:28:08+00:00
f2be6b0a39c9f488f06416497aeb5253,2026-08-16T05:17:35Z,'erneuerbare Energien Energiewende',www.n-tv.de,de,0.9,Teurer Strom durch Merkel-Jahre: Jürgen Trittin: Energiewende musste 16 Jahre feindlicher Regierung überstehen,"Als die Energiewende beginnt, verspricht der damalige Umweltminister Trittin: Sie wird für Haushalte nicht teurer als eine Kugel Eis. Die Rechnung geht nicht auf. Im Interview macht der Grünen-Politiker dafür nicht die Erneuerbaren und die Einspeisevergütung …",https://www.n-tv.de/politik/Juergen-Trittin-Energiewende-musste-16-Jahre-feindlicher-Regierung-ueberstehen-id31189168.html,https://www.n-tv.de/img/31189194/1786618827/Img_16_9/1200/Juergen-TRITTIN-JA-rgen-erinnert-in-einem-Nachruf-an-den-im-Januar-2018-verstorbenen-Helmut-Lippelt-Ausserordentliche-Bundesdelegiertenkonferenz-der-Partei-Buendnis-90-Die-Gruenen-im-Congress-Centrum-Hannover-26-27-01-2018.jpg,http://web.archive.org/web/20260816172859/https://www.n-tv.de/politik/Juergen-Trittin-Energiewende-musste-16-Jahre-feindlicher-Regierung-ueberstehen-id31189168.html,"""In Deutschland neigen wir dazu, Disruptionen auszusitzen und abzufedern. Das kostet Zeit, Geld und Arbeitsplätze"", sagt Jürgen Trittin. (Foto: picture alliance / SvenSimon)
Als die Energiewende beg… [+13140 chars]",,"Teurer Strom durch Merkel-Jahre: Jürgen Trittin: Energiewende musste 16 Jahre feindlicher Regierung überstehen. Als die Energiewende beginnt, verspricht der damalige Umweltminister Trittin: Sie wird für Haushalte nicht teurer als eine Kugel Eis. Die Rechnung geht nicht auf. Im Interview macht der Grünen-Politiker dafür nicht die Erneuerbaren und die Einspeisevergütung …","Expensive electricity through the Merkel years: Jürgen Trittin: Energy transition had to survive 16 years of hostile government. When the energy transition began, the then Environment Minister Trittin promised: It would not be more expensive for households than a scoop of ice cream. The calculation doesn't add up. In the interview, the Green politician doesn't blame renewables and the feed-in tariff...","Pretiosa electricitas per Merkel annos: Jürgen Trittin: Energy transitus 16 annos imperii hostilis superesse debebat. Ubi navitas transitus incepit, tunc Minister Trittin Environment promisit: familiis magis carus esse quam uncus glacialis cremor. Calculum non addit. In colloquio, vir politicus innovationes et pascua tariff... non reprehendit.",2026-08-27 11:30:59+00:00
3d5ff6ccdd2cb33c3d581c8adf66d0ea,2026-08-13T14:14:00Z,'Kernfusion',taz.de,de,0.9,Entwurf des Bundeshaushalts: Solarforschern drohen deutliche Kürzungen,"Kernfusion bleibt der Bundesregierung wichtig, aber sonst soll bei der Energieforschung heftig gekürzt werden. Unklar ist, woher der Druck kam.",https://taz.de/Entwurf-des-Bundeshaushalts/!6204074/,https://taz.de/picture/8671223/1200/41848189.jpeg,,"Kernfusion bleibt der Bundesregierung wichtig, aber sonst soll bei der Energieforschung heftig gekürzt werden. Unklar ist, woher der Druck kam. mehr...",,"Entwurf des Bundeshaushalts: Solarforschern drohen deutliche Kürzungen. Kernfusion bleibt der Bundesregierung wichtig, aber sonst soll bei der Energieforschung heftig gekürzt werden. Unklar ist, woher der Druck kam.","Draft federal budget: Solar researchers are threatened with significant cuts. Nuclear fusion remains important to the federal government, but otherwise there are plans to make major cuts to energy research. It is unclear where the pressure came from.","Provisiones foederales capturam: Investigatores solares intentant incisiones significantes. Fusio nuclearis momenti manet ad regimen foederatum, sed aliter consilia ad maioris momentis investigationis energiae faciendae sunt. Incertum unde nixus.",2026-08-27 20:06:17+00:00
e2a8481e68e5be4d55987ce5b451e00d,2026-08-13T15:30:48Z,'Kernfusion',t3n.de,de,0.9,IBM-Durchbruch: Quantencomputer knacken erstes Rätsel der Kernfusion,"IBM hat in Zusammenarbeit mit renommierten US-Forschungseinrichtungen einen wichtigen Machbarkeitsnachweis für die Kernfusion erbracht. Dabei kam ein quantenzentrierter Supercomputer zum Einsatz, um bislang unlösbare chemische Hürden zu überwinden.
weiterlese…",https://t3n.de/news/ibm-quantencomputer-kernfusion-tritium-1758016/,https://cdn.t3n.de/news/wp-content/uploads/2025/11/img_0185_.jpg?class=content,http://web.archive.org/web/20260813224240/https://t3n.de/news/ibm-quantencomputer-kernfusion-tritium-1758016/,"Einem Team von Forscher:innen des Oak Ridge National Laboratory im US-Bundesstaat Tennessee, der Cleveland Clinic im US-Bundesstaat Ohio und dem IT-Unternehmen IBM aus Armonk im US-Bundesstaat New Yo… [+4448 chars]",,"IBM-Durchbruch: Quantencomputer knacken erstes Rätsel der Kernfusion. IBM hat in Zusammenarbeit mit renommierten US-Forschungseinrichtungen einen wichtigen Machbarkeitsnachweis für die Kernfusion erbracht. Dabei kam ein quantenzentrierter Supercomputer zum Einsatz, um bislang unlösbare chemische Hürden zu überwinden.
weiterlese…","IBM breakthrough: Quantum computers crack the first puzzle of nuclear fusion. IBM, in collaboration with renowned US research institutions, has provided important proof of concept for nuclear fusion. A quantum-centered supercomputer was used to overcome previously insoluble chemical hurdles.
read more…","IBM breakthrough: Quantum computers primum aenigma fusionis nuclearis resiliunt. IBM, in collaboratione cum praeclaris Investigationum US institutis, magni momenti documentum conceptus pro fusione nucleari praebuit. Supercomputator quantum-situs reflectitur, ante insolubiles cratibus chemicis superare solebat.
plus legere…",2026-08-27 20:06:17+00:00
e78e2a2e8c04a444194d48d501afa75b,2026-08-15T12:10:49Z,'Kernfusion',www.spektrum.de,de,0.9,Kernfusion: Der Traum vom Fusionskraftwerk,"Konkurrierende Konzepte sollen die Energiequelle der Sonne beherrschbar machen. Eine Reise zu drei Orten, an denen die Energiegeschichte der Menschheit neu geschrieben werden soll.",https://www.spektrum.de/news/kernfusion-der-traum-vom-fusionskraftwerk/2315498,https://static.spektrum.de/fm/912/f1920x1080/iStock-1265037840_sakkmesterke.jpg,http://web.archive.org/web/20260816001308/https://www.spektrum.de/news/kernfusion-der-traum-vom-fusionskraftwerk/2315498,"Das erste Kapitel spielt in Südfrankreich, inmitten der dünn besiedelten, hügeligen Landschaften der Provence.
Kapitel 1: Ein stählerner Prometheus
Alles an diesem Ort ist unwahrscheinlich. Schon s… [+41265 chars]",,"Kernfusion: Der Traum vom Fusionskraftwerk. Konkurrierende Konzepte sollen die Energiequelle der Sonne beherrschbar machen. Eine Reise zu drei Orten, an denen die Energiegeschichte der Menschheit neu geschrieben werden soll.",Nuclear fusion: The dream of a fusion power plant. Competing concepts are intended to make the sun's energy source manageable. A journey to three places where humanity's energy history is set to be rewritten.,Fusio nuclei: Somnium fusionis plantae potentiae. Conceptus certandi proponuntur ad fontem energiae solis tractabilem reddendam. Iter ad tria loca in quibus historia hominis renovanda est.,2026-08-27 20:06:17+00:00
78cdd8ffee0bb03cf18e695bc496a181,2026-08-23T11:15:10Z,'Kernfusion',www.zeit.de,de,0.9,Kernfusion: Wir bauen uns eine Sonne,"Ein bayerisches Start-up will mit Kernfusion die Energieversorgung revolutionieren. Wer dessen Chef begleitet, stellt fest: Das ist weniger verrückt, als es klingt.",https://www.zeit.de/2026/36/kernfusion-energiequelle-reaktor-proxima-fusion-iter,https://img.zeit.de/2026/36/wir-bauen-uns-eine-sonne-bild-3/wide__1300x731,http://web.archive.org/web/20260824010425/https://www.zeit.de/2026/36/kernfusion-energiequelle-reaktor-proxima-fusion-iter,"Dieser Artikel ist Teil von ZEIT am Wochenende, Ausgabe 34/2026.
Sie soll die Energieprobleme der Menschheit lösen. Milliarden sind schon in ihre Erforschung geflossen, Hunderte Testanlagen wurden i… [+587 chars]",,"Kernfusion: Wir bauen uns eine Sonne. Ein bayerisches Start-up will mit Kernfusion die Energieversorgung revolutionieren. Wer dessen Chef begleitet, stellt fest: Das ist weniger verrückt, als es klingt.",Nuclear fusion: We are building a sun. A Bavarian start-up wants to revolutionize energy supply with nuclear fusion. Anyone who accompanies his boss realizes: This is less crazy than it sounds.,Fusio nuclei: Solem aedificamus. Initium Bavaricum in energiam nuclei cum fusione nuclei vertere vult. Quisquis umbone suo comitatur cognoscit: Hoc minus est delirum quam sonat.,2026-08-27 20:06:17+00:00
81d5d0873740ef9f462da68d75eec152,2026-08-02T17:00:00Z,'fossile Brennstoffe',www.gamestar.de,de,0.8,"Special: Erderwärmung - Sauberere Schiffe, heißere Erde: Warum der Fortschritt in der Schifffahrt die Klimakrise erstmal verschärft","Die Luft wird sauberer, da die Menschheit ihre Abhängigkeit von fossilen Brennstoffen reduziert. Ein Nebeneffekt davon ist, dass es erstmal wärmer wird.","https://www.gamestar.de/artikel/schwefelaerosole-schifffahrt-abkuehlung,3417198.html#article",https://images.cgames.de/images/gamestar/293/gs-teaser-schiff-wolken-klima-aerosole_6432143.jpg,"http://web.archive.org/web/20260809023156/https://www.gamestar.de/artikel/schwefelaerosole-schifffahrt-abkuehlung,3417198.html","Früher war Rauch aus den Schornsteinen von Schiffen dunkel, rußig und schmutzig. Das hat sich dank moderner Antriebstechnik und Abgaswaschanlagen geändert mit vermeintlich widersinnigen Folgen für da… [+5082 chars]",,"Special: Erderwärmung - Sauberere Schiffe, heißere Erde: Warum der Fortschritt in der Schifffahrt die Klimakrise erstmal verschärft. Die Luft wird sauberer, da die Menschheit ihre Abhängigkeit von fossilen Brennstoffen reduziert. Ein Nebeneffekt davon ist, dass es erstmal wärmer wird.","Special: Global warming - Cleaner ships, hotter earth: Why progress in shipping is exacerbating the climate crisis. The air is becoming cleaner as humanity reduces its dependence on fossil fuels. A side effect of this is that it gets warmer.","Specialis: calefactio Global - naves mundior, terra calidior: quare progressus in naviculas discrimen climatis comprobat. Aer mundior fit sicut humanitas suam dependentiam a fossilibus fomentis minuit. Huius lateris effectus est quod calefit.",2026-08-29 22:10:40+00:00
0e8c72946c8e84564f628a758566db0c,2026-08-07T03:00:00Z,'fossile Brennstoffe',www.derstandard.at,de,0.8,Gas und Benzin sollen teurer werden: Wie die Regierung soziale Härten abfedern will,"Mit dem neuen Klima-Sozialfonds will die EU den Ausstieg aus fossilen Brennstoffen anschieben. Jetzt veröffentlicht das Finanzministerium einen Plan dazu, wer in Österreich mit dem Geld unterstützt werden soll",https://www.derstandard.at/story/3000000334336/gas-und-benzin-sollen-teurer-werden-wie-die-regierung-soziale-haerten-abfedern-will,https://i.ds.at/O2P7jg/rs:fill:1200:600/plain/lido-images/2024/11/25/36fa150f-aae9-4607-ae9f-4ffee0bdaf60.jpeg,http://web.archive.org/web/20260808111501/https://www.derstandard.at/story/3000000334336/gas-und-benzin-sollen-teurer-werden-wie-die-regierung-soziale-haerten-abfedern-will,"In Österreich sind noch mehr als 800.000 Gasheizungen verbaut, knapp die Hälfte davon in Haushalten in Wien.
IMAGO/Bihlmayerfotografie
Fossile Brennstoffe verdrängen, indem die Preise steigen: Auf … [+745 chars]",,"Gas und Benzin sollen teurer werden: Wie die Regierung soziale Härten abfedern will. Mit dem neuen Klima-Sozialfonds will die EU den Ausstieg aus fossilen Brennstoffen anschieben. Jetzt veröffentlicht das Finanzministerium einen Plan dazu, wer in Österreich mit dem Geld unterstützt werden soll","Gas and petrol should become more expensive: How the government wants to cushion social hardship. With the new climate social fund, the EU wants to push ahead with the phase-out of fossil fuels. The Ministry of Finance is now publishing a plan as to who in Austria should be supported with the money","Gas et petrol carior fieri debent: quomodo regimen sociale duritiae pulvino cupit. Cum aerarium sociale climatis novum, EU praecurrere vult cum fossilibus fossilibus. Ministerium a rebus oeconomicis nunc est consilium evulgandi ut qui in Austria pecunia sustineantur",2026-08-29 22:10:40+00:00
34e70c5e3a54bb79f6a7e8ff37c94290,2026-08-04T09:58:00Z,'fossile Brennstoffe',www.sueddeutsche.de,de,0.9,Hohe Öl- und Gaspreise: BP verdoppelt Gewinn,Der britische Energiekonzern profitiert von den hohen Preisen für fossile Brennstoffe und erhöht seine Dividende. Die neue Chefin will unter anderem von der bisherigen Strategie für erneuerbare Energien abrücken.,https://www.sueddeutsche.de/wirtschaft/bp-gewinnsteigerung-strategie-grossbritannien-li.3526351,https://www.sueddeutsche.de/2026/08/04/ddaba1b0-09b1-4abc-a373-af14ec3c9bc1.jpg?q=60&fm=webp&width=1200&rect=0%2C69%2C3500%2C1969,http://web.archive.org/web/20260804205855/https://www.sueddeutsche.de/wirtschaft/bp-gewinnsteigerung-strategie-grossbritannien-li.3526351,"Der britische BP-Konzern reiht sich ein in die Riege von Ölriesen, die dank der hohen Öl- und Gaspreise horrende Gewinnsprünge verzeichnen. Der bereinigte Gewinn stieg im zweiten Quartal auf 5,73 Mil… [+2007 chars]",,Hohe Öl- und Gaspreise: BP verdoppelt Gewinn. Der britische Energiekonzern profitiert von den hohen Preisen für fossile Brennstoffe und erhöht seine Dividende. Die neue Chefin will unter anderem von der bisherigen Strategie für erneuerbare Energien abrücken.,"High oil and gas prices: BP doubles profits. The British energy company is benefiting from the high prices for fossil fuels and is increasing its dividend. Among other things, the new boss wants to move away from the previous strategy for renewable energies.","Maximum oleum et gas prices: BP prodest duplicat. Societas energiae Britanniae ex pretia fossilium fossilium adiuvat et dividendo auget. Inter alia, nova bulla a priore consilio renovationis energiae se movere vult.",2026-08-29 22:10:40+00:00
390f6beeae68402f072196149fc03979,2026-08-18T03:30:00Z,'Klimawandel',www.nzz.ch,de,0.9,Indiens Autofahrer revoltieren gegen den Biotreibstoff E20 – sie fürchten Schäden am Motor und eine geringere Reichweite,Die indische Regierung bewirbt die Einführung des Benzin-Ethanol-Gemischs als Beitrag zum Kampf gegen den Klimawandel und zur wirtschaftlichen Autonomie des Landes. Auf den Strassen sind aber viele nicht überzeugt.,https://www.nzz.ch/wirtschaft/indiens-autofahrer-revoltieren-gegen-den-biotreibstoff-e20-sie-fuerchten-schaeden-am-motor-und-eine-geringere-reichweite-ld.10019789,"https://img-msp-prod.nzz.ch/2026/08/17/728761b8-d8d9-40a0-9ead-8dadd3aa89f0.jpg?width=1200&height=674&fit=bounds&quality=75&auto=webp&crop=5382,3027,x0,y561&wmark=nzz",http://web.archive.org/web/20260819185006/https://www.nzz.ch/wirtschaft/indiens-autofahrer-revoltieren-gegen-den-biotreibstoff-e20-sie-fuerchten-schaeden-am-motor-und-eine-geringere-reichweite-ld.10019789,Die indische Regierung bewirbt die Einführung des Benzin-Ethanol-Gemischs als Beitrag zum Kampf gegen den Klimawandel und zur wirtschaftlichen Autonomie des Landes. Auf den Strassen sind aber viele n… [+7013 chars],,Indiens Autofahrer revoltieren gegen den Biotreibstoff E20 – sie fürchten Schäden am Motor und eine geringere Reichweite. Die indische Regierung bewirbt die Einführung des Benzin-Ethanol-Gemischs als Beitrag zum Kampf gegen den Klimawandel und zur wirtschaftlichen Autonomie des Landes. Auf den Strassen sind aber viele nicht überzeugt.,India's drivers are revolting against the biofuel E20 - they fear damage to the engine and a reduced range. The Indian government is promoting the introduction of the gasoline-ethanol blend as a contribution to the fight against climate change and the country's economic autonomy. But many on the streets are not convinced.,Agitatores Indiae contra biofuel E20 abominantur - timent damna machinae et range imminutos. Imperium Indicum promovet introductionem mixtionis gasolino-ethanoli quasi adiumentum ad pugnam contra mutationem climatis et autonomiam oeconomicam patriae. Sed multi in triviis non convincuntur.,2026-08-29 22:10:40+00:00
c2261e346ccf00bd133cf92d89135f8f,2026-08-18T03:10:01Z,'Biogas',burgenland.orf.at,de,0.9,Eisenstadt bekommt Biogas-Anlage,Im Oktober wird in Eisenstadt eine vollständig recyclebare Biogas-Anlage eröffnet – nach Angaben der Landeshauptstadt ein europaweit einzigartiges Projekt. Der Biomüll der Stadt soll dort in Strom und Wärme umgewandelt werden.,https://burgenland.orf.at/stories/3367279/,https://ibs.orf.at/bgl?image=https%3A%2F%2Foekastatic.orf.at%2Fmims%2F2026%2F34%2F48%2Fcrops%2Fw%3D1200%2Ch%3D627%2Cq%3D75%2F3152013_master_1222048_img_1011.jpeg%3Fs%3Dccf958c84f26c050d5dba6873bfedd90555789df,http://web.archive.org/web/20260819160139/https://burgenland.orf.at/stories/3367279/,"Die Anlage entsteht derzeit auf dem Areal des Bauhofs sie besteht aus fünf reinen Edelstahlcontainern, arbeitet weitgehend geruchsneutral und ist recycelbar. Georg Kreuter von Waste2Energy spricht vo… [+1028 chars]",,Eisenstadt bekommt Biogas-Anlage. Im Oktober wird in Eisenstadt eine vollständig recyclebare Biogas-Anlage eröffnet – nach Angaben der Landeshauptstadt ein europaweit einzigartiges Projekt. Der Biomüll der Stadt soll dort in Strom und Wärme umgewandelt werden.,"Eisenstadt gets biogas plant. A fully recyclable biogas plant will be opened in Eisenstadt in October - according to the state capital, a project that is unique in Europe. The city's organic waste will be converted there into electricity and heat.","Eisenstadt plantam biogas accipit. Planta plene recyclabilis biogas aperietur in Eisenstadt mense Octobri - secundum caput civitatis, consilium unicum in Europa. Vastatio organica urbis in electricitatem et calorem convertetur.",2026-08-30 18:21:15+00:00
08969602b4b2339372ae4bd394d22f92,2026-08-25T16:00:56Z,'Batteriespeicher',www.basicthinking.de,de,0.9,Wie Europas größter Batteriespeicher die Stromnetze stabilisieren soll,"Der Beitrag Wie Europas größter Batteriespeicher die Stromnetze stabilisieren soll erschien zuerst beim Online-Magazin BASIC thinking. Über unseren Newsletter UPDATE startest du jeden Morgen bestens informiert in den Tag.
Mit Coalburn 1 geht in Schottland das…",https://www.basicthinking.de/blog/2026/08/25/batteriespeichersystem/,https://www.basicthinking.de/blog/wp-content/uploads/2026/08/batteriespeichersystem.webp,,"Mit Coalburn 1 geht in Schottland das größte Batteriespeichersystem Europas ans Netz. Die Anlage soll die Resilienz der Stromnetze erhöhen und Kosten für die Verbraucher senken.
Für den Ausbau der e… [+2598 chars]",,"Wie Europas größter Batteriespeicher die Stromnetze stabilisieren soll. Der Beitrag Wie Europas größter Batteriespeicher die Stromnetze stabilisieren soll erschien zuerst beim Online-Magazin BASIC thinking. Über unseren Newsletter UPDATE startest du jeden Morgen bestens informiert in den Tag.
Mit Coalburn 1 geht in Schottland das…","How Europe's largest battery storage system should stabilize the power grids. The article How Europe's largest battery storage system should stabilize the power grid first appeared in the online magazine BASIC thinking. With our newsletter UPDATE you can start the day well informed every morning.
With Coalburn 1 the...","Quomodo systema repositionis Europaeae maximae altilium potentiae gridis stabilire debet. Articulus Quomodo systema repositionis Europaeae maximae altilium potentiae euismod stabilire debet primum in commentaria fundamentali emporium online apparuit. Cum Newsletter nostro UPDATE diem inire potes omni mane bene conscio.
Apud Coalburnum 1 The...",2026-08-31 11:17:43+00:00
8951f69eefa138ff0a90b28063895114,2026-08-27T03:45:34Z,'Batteriespeicher',www.basicthinking.de,de,0.9,Deutschlands größter Batteriespeicher geht ans Netz – für 250.000 Haushalte,"Der Beitrag Deutschlands größter Batteriespeicher geht ans Netz – für 250.000 Haushalte erschien zuerst beim Online-Magazin BASIC thinking. Über unseren Newsletter UPDATE startest du jeden Morgen bestens informiert in den Tag.
Ein neuer Batteriespeicherverbun…",https://www.basicthinking.de/blog/2026/08/27/groesster-batteriespeicher-deutschland/,https://www.basicthinking.de/blog/wp-content/uploads/2026/08/batteriespeicherverbund.webp,,"Ein neuer Batteriespeicherverbund soll ab sofort für mehr Netzstabilität sorgen. Der Versorger Münch Energie will bis zu 250.000 Haushalte auch dann mit Ökostrom beliefern, wenn die Sonne mal nicht s… [+2759 chars]",,"Deutschlands größter Batteriespeicher geht ans Netz – für 250.000 Haushalte. Der Beitrag Deutschlands größter Batteriespeicher geht ans Netz – für 250.000 Haushalte erschien zuerst beim Online-Magazin BASIC thinking. Über unseren Newsletter UPDATE startest du jeden Morgen bestens informiert in den Tag.
Ein neuer Batteriespeicherverbun…","Germany's largest battery storage system goes online - for 250,000 households. The article Germany's largest battery storage system goes online - for 250,000 households appeared first in the online magazine BASIC thinking. With our newsletter UPDATE you can start the day well informed every morning.
A new battery storage network…","Systema repositionis Germaniae maximae pugnae in online - pro 250,000 familiis accedit. Articulus Germaniae maximae pilae repositionis systematis online accedit - nam 250,000 familiarum primum apparuerunt in enucleata ratione fundamentalis commentarii. Cum Newsletter nostro UPDATE diem inire potes omni mane bene conscio.
Novum altilium repositionis retis…",2026-08-31 11:17:43+00:00
946d604264f8bae11101aaad5244c554,2026-08-28T11:39:56Z,'Batteriespeicher',www.zeit.de,de,0.9,Energiewende: Tesvolt investiert 23 Millionen Euro in neues Zentrum,Hier finden Sie Informationen zu dem Thema „Energiewende“. Lesen Sie jetzt „Tesvolt investiert 23 Millionen Euro in neues Zentrum“.,https://www.zeit.de/news/2026-08/28/tesvolt-investiert-23-millionen-euro-in-neues-zentrum,https://img.zeit.de/news/2026-08/28/tesvolt-investiert-23-millionen-euro-in-neues-zentrum-image-group/wide__1300x731,http://web.archive.org/web/20260829031921/https://www.zeit.de/news/2026-08/28/tesvolt-investiert-23-millionen-euro-in-neues-zentrum,"Der Batteriespeicher-Hersteller Tesvolt hat an seinem Unternehmenssitz in Wittenberg ein neues Logistik- und Technologiezentrum eröffnet. Wie das Unternehmen mitteilte, flossen 23 Millionen Euro in d… [+1689 chars]",,Energiewende: Tesvolt investiert 23 Millionen Euro in neues Zentrum. Hier finden Sie Informationen zu dem Thema „Energiewende“. Lesen Sie jetzt „Tesvolt investiert 23 Millionen Euro in neues Zentrum“.,Energy transition: Tesvolt is investing 23 million euros in a new center. Here you will find information on the topic of “energy transition”. Now read “Tesvolt invests 23 million euros in new center”.,"Energy transitus: Tesvolt XXIII decies nummis Europaeis in centro novo circumsedit. Hic informationes invenies in argumento ""energiae transitus"". Nunc lege ""Tesvolt XXIII decies centena millia nummi in centro novo collocat"".",2026-08-31 11:17:43+00:00
ad0d36e6dcfa34aeaf51523605dc5793,2026-08-04T11:44:04Z,'Verbrenner-Aus Energiewende',www.golem.de,de,0.9,"Batteriespeicher: Ein Heimspeicher, der nicht zu Hause installiert wird","Batteriehersteller in den USA vertreiben Akkus, die außerhalb des eigenen Stromzählers angeschlossen werden. Das ergibt gleich mehrfach Sinn. (Energiewende, Akku)",https://www.golem.de/sonstiges/zustimmung/auswahl.html?from=https://www.golem.de/news/batteriespeicher-ein-heimspeicher-der-nicht-zu-hause-installiert-wird-2608-211584.html&referer=https://t.co/641ed4da4f,,http://web.archive.org/web/20260804133628/https://www.golem.de/sonstiges/zustimmung/auswahl.html?from=https%3A%2F%2Fwww.golem.de%2Fnews%2Fbatteriespeicher-ein-heimspeicher-der-nicht-zu-hause-installiert-wird-2608-211584.html,"Besuchen Sie Golem.de wie gewohnt mit Werbung und Tracking,
 indem Sie der Nutzung aller Cookies zustimmen.
 Details zum Tracking finden Sie im Privacy Center.
Skript wurde nicht geladen. Informat… [+607 chars]",,"Batteriespeicher: Ein Heimspeicher, der nicht zu Hause installiert wird. Batteriehersteller in den USA vertreiben Akkus, die außerhalb des eigenen Stromzählers angeschlossen werden. Das ergibt gleich mehrfach Sinn. (Energiewende, Akku)","Battery storage: A home storage system that is not installed at home. Battery manufacturers in the USA sell batteries that are connected outside of their own electricity meter. That makes sense in several ways. (energy transition, battery)","Repono altilium: Systema repositionis domus quae domi non impletur. Pugna artifices in USA gravida vendunt quae extra propriam electricitatem metri coniunctae sunt. Quod pluribus modis sensum facit. (Vis transitus, altilium)",2026-09-02 02:19:31+00:00
d2faaf7eb0178552d5a48a7dc0667796,2026-08-08T13:25:00Z,'Batteriespeicher',t3n.de,de,0.9,Akkus ohne Chemie: Chinas riesiger Schwungrad-Speicher verspricht unbegrenzte Ladezyklen,"Wenn Windräder und Solaranlagen viel Strom liefern, können Batteriespeicher das oft nicht aufnehmen und der Vorteil verpufft. In China arbeitet eine Firma nun an einem neuartigen Schwungrad. So soll es Strom mit Bewegung speichern. Das Unternehmen Qnetic erri…",https://t3n.de/news/akkus-ohne-chemie-china-1753777/,https://cdn.t3n.de/news/wp-content/uploads/2026/07/Screenshot-2026-07-21-at-13.25.38.jpeg?class=content,http://web.archive.org/web/20260808171305/https://t3n.de/news/akkus-ohne-chemie-china-1753777/,Das Unternehmen Qnetic errichtet in Shanghai eine Testanlage für Schwungrad-Energiespeicher. Sie soll die größte ihrer Art sein. Der erste Prototyp kann bereits 200 Kilowattstunden speichern deutlich… [+1858 chars],,"Akkus ohne Chemie: Chinas riesiger Schwungrad-Speicher verspricht unbegrenzte Ladezyklen. Wenn Windräder und Solaranlagen viel Strom liefern, können Batteriespeicher das oft nicht aufnehmen und der Vorteil verpufft. In China arbeitet eine Firma nun an einem neuartigen Schwungrad. So soll es Strom mit Bewegung speichern. Das Unternehmen Qnetic erri…","Batteries without chemicals: China's huge flywheel storage promises unlimited charging cycles. When wind turbines and solar systems deliver a lot of electricity, battery storage often cannot absorb it and the advantage evaporates. A company in China is now working on a new type of flywheel. So it should store electricity with movement. The company Qnetic…","Pugna sine oeconomia: Sinarum ingens volatile repositionis pollicitationes illimitatas cyclos incurrentes. Cum turbines venti et systemata solaria multum electricitatis liberant, reposita altilium saepe eam haurire non possunt et utilitas evanescit. Societas in Sinis nunc novum genus volucri volandi laborat. Sic electricitatem cum motu condere debet. Societas Quetic…",2026-09-02 02:19:31+00:00
f2ec5726b34e0bea329bbed99a2c2010,2026-08-13T11:56:44Z,'Verbrenner-Aus Energiewende',www.zeit.de,de,0.9,Energiewende: «Größter Batteriespeicher Deutschlands» startet bei Leuna,Hier finden Sie Informationen zu dem Thema „Energiewende“. Lesen Sie jetzt „«Größter Batteriespeicher Deutschlands» startet bei Leuna“.,https://www.zeit.de/news/2026-08/13/groesster-batteriespeicher-deutschlands-startet-bei-leuna,https://img.zeit.de/news/2026-08/13/groesster-batteriespeicher-deutschlands-startet-bei-leuna-image-group/wide__1300x731,,Überschüssigen Strom aus Wind- und Solaranlagen speichern und bei Bedarf wieder ins Netz einspeisen: Bei Leuna ist ein großer Batteriespeicher offiziell eingeweiht worden. Das oberfränkische Unterneh… [+2991 chars],,Energiewende: «Größter Batteriespeicher Deutschlands» startet bei Leuna. Hier finden Sie Informationen zu dem Thema „Energiewende“. Lesen Sie jetzt „«Größter Batteriespeicher Deutschlands» startet bei Leuna“.,Energy transition: “Germany’s largest battery storage system” starts at Leuna. Here you will find information on the topic of “energy transition”. Now read ““Germany’s largest battery storage system” starts at Leuna”.,"Energy transitus: ""ratio repono Germaniae maximae pugnae"" incipit apud Leuna. Hic informationes invenies in argumento ""energiae transitus"". Nunc lege """" ratio repono Germaniae maximae pugnae"" incipit apud Leuna"".",2026-09-02 02:19:31+00:00
bc288f49ecd90eb71c1838f2cdc87bf1,2026-08-31T16:49:13Z,'Batteriespeicher',www.faz.net,de,0.9,Energiewende: Unternehmen investieren nur zögerlich in den Klimaschutz,Die Prioritäten liegen woanders. Investitionen für Klimaschutz kommen in Unternehmen auf einen Anteil von nur zehn Prozent. Ein Lichtblick: Mehr Privathaushalte wollen klimafreundliche Technologien nutzen.,https://www.faz.net/aktuell/wirtschaft/klimaschutz-warum-unternehmen-kaum-investieren-201175021.html,https://media0.faz.net/image/w1200h627/07e3afb02c3c/w5760h3009x0y572o/202308/43600.0.1973514491/drei-prozent-der-haushalte-in.webp,http://web.archive.org/web/20260831204014/https://www.faz.net/aktuell/wirtschaft/klimaschutz-warum-unternehmen-kaum-investieren-201175021.html,"Damit Deutschland seine Emissionsziele erreicht, sind massive Investitionen zum Schutz des Klimas erforderlich. Doch sieht es derzeit nicht danach aus, als ob von den Unternehmen in absehbarer Zeit d… [+5400 chars]",,Energiewende: Unternehmen investieren nur zögerlich in den Klimaschutz. Die Prioritäten liegen woanders. Investitionen für Klimaschutz kommen in Unternehmen auf einen Anteil von nur zehn Prozent. Ein Lichtblick: Mehr Privathaushalte wollen klimafreundliche Technologien nutzen.,Energy transition: Companies are hesitant to invest in climate protection. The priorities lie elsewhere. Investments in climate protection in companies only account for ten percent. A ray of hope: More private households want to use climate-friendly technologies.,Energy transitus: Societates timidi sunt ad tutelam climatis collocandam. Priores ordinis alibi iacent. Investigationes in praesidiis climatis in societatibus tantum decem centesimis rationem reddunt. Spei radius: Plures familiae privatae technologiae climatis-amicis uti volunt.,2026-09-02 02:19:31+00:00
c8537539ca4c32dfa271e81aa28685a8,2026-08-31T04:47:39Z,'Batteriespeicher',salzburg.orf.at,de,0.9,Salzburg AG plant große Akku-Stromspeicher,Die Salzburg AG erweitert ihr Energienetz um große Akkumulatoren bzw. Batteriespeicher. Der erste ist beim Heizkraftwerk Nord geplant. Bisher kann der  Landesversorger die Energie langfristig nur über  Pumpspeicherkraftwerke bzw. Stauseen im Gebirge speichern.,https://salzburg.orf.at/stories/3369093/,https://ibs.orf.at/sbg?image=https%3A%2F%2Foekastatic.orf.at%2Fmojo%2F1_4_1%2Fstoryserver%2Foeka%2Fcommon%2Fimages%2Fog-fallback-sbg.png%3Fs%3Dc92708ae469bc368ecb4861244504a18cb7e05fa,http://web.archive.org/web/20260831062148/https://salzburg.orf.at/stories/3369093/,"Wenn das Projekt beim Heizkraftwerk NOrd genehmigt wird, soll der Bau im Herbst starten.
PV und Wind keine Basis für Grundlast im Netz
Für den Ausbau erneuerbarer Energiequellen sind generell sehr … [+1481 chars]",,Salzburg AG plant große Akku-Stromspeicher. Die Salzburg AG erweitert ihr Energienetz um große Akkumulatoren bzw. Batteriespeicher. Der erste ist beim Heizkraftwerk Nord geplant. Bisher kann der  Landesversorger die Energie langfristig nur über  Pumpspeicherkraftwerke bzw. Stauseen im Gebirge speichern.,"Salzburg AG is planning large battery power storage systems. Salzburg AG is expanding its energy network to include large accumulators and battery storage. The first is planned for the North thermal power plant. So far, the state utility has only been able to store long-term energy via pumped storage power plants or reservoirs in the mountains.",Salisburgum AG magnas pugnas systematis repositionis agitat. Salzburg AG eius industriam retis expandit ad magnas accumulatores et machinas inclusas. Prima plantarum potentia scelerisque septentrionalis cogitavit. Hactenus utilitas publica solum diuturnum industriam per vim repositionis exantlandi plantarum vel piscinarum in montibus condere potuit.,2026-09-03 09:22:36+00:00
2a7e2a378f2ab2c74d8aeb84cb08c3d5,2026-08-19T10:09:48Z,'Bioenergie',www.welt.de,de,0.9,„Schlichtweg falsch“ – Die irreführende Holzheizungs-Prognose des Umweltbundesamtes,Mit unhaltbaren Preisprognosen lässt das Umweltbundesamt die Pelletheizung schlecht aussehen. Das ist der Vorwurf der Bioenergie-Branche. Zwischen ihr und der obersten deutschen Umweltbehörde herrscht Streit.,https://www.welt.de/wirtschaft/plus6a843a4cd54f65372fb0ce8c/pellets-schlichtweg-falsch-die-irrefuehrende-holzheizungs-prognose-des-umweltbundesamtes.html,https://images.welt.de/6a843a4cd54f65372fb0ce8c/047e5231ec0a51c79fe4eeb3569e26ae/ci16x9-w1200/411392062-jpg,http://web.archive.org/web/20260820051710/https://www.welt.de/wirtschaft/plus6a843a4cd54f65372fb0ce8c/pellets-schlichtweg-falsch-die-irrefuehrende-holzheizungs-prognose-des-umweltbundesamtes.html,Die WELT als ePaper: Die vollständige Ausgabe steht Ihnen bereits am Vorabend zur Verfügung so sind Sie immer hochaktuell informiert. Weitere Informationen https://epaper.welt.de,,„Schlichtweg falsch“ – Die irreführende Holzheizungs-Prognose des Umweltbundesamtes. Mit unhaltbaren Preisprognosen lässt das Umweltbundesamt die Pelletheizung schlecht aussehen. Das ist der Vorwurf der Bioenergie-Branche. Zwischen ihr und der obersten deutschen Umweltbehörde herrscht Streit.,"“Simply wrong” – The Federal Environment Agency’s misleading wood heating forecast. With untenable price forecasts, the Federal Environment Agency makes pellet heating look bad. That is the accusation of the bioenergy industry. There is a dispute between her and the highest German environmental authority.","""Simplex iniuria"" - Procuratio Foederalis Environment ligna fallax calefactio provisio. Praenotatio pretio nonabili, Procuratio Foederalis Environment globulo calefactionis aspectum malum facit. Lorem id est lorem laboris. Disceptatio est inter illam et summam auctoritatem environmental Germanicae.",2026-09-03 14:03:14+00:00
8030421127f38f7b2175e49187da49c2,2026-08-31T01:00:00Z,'Klimaextreme Klimawandel',www.morgenpost.de,de,0.9,Wetterdienst: Hitze-Sommer wäre ohne Klimawandel „statistisch unmöglich“ gewesen,In seiner Sommer-Bilanz hat der Deutsche Wetterdienst erschreckende Zahlen zu den Hitzetoten und Temperaturrekorden zusammengefasst.,https://www.morgenpost.de/politik/article413012045/wetterdienst-hitze-sommer-waere-ohne-klimawandel-statistisch-unmoeglich-gewesen.html,https://img.sparknews.funkemedien.de/413012059/413012059_1788144321_v16_9_1600.jpeg,,Deutschland hat einen Sommer der Extreme erlebt: Das bestätigt auch die vorläufige Auswertung des Deutschen Wetterdienstes (DWD). In seiner Sommer-Bilanz hat der DWD die erschreckenden Zahlen zur Rek… [+3815 chars],,Wetterdienst: Hitze-Sommer wäre ohne Klimawandel „statistisch unmöglich“ gewesen. In seiner Sommer-Bilanz hat der Deutsche Wetterdienst erschreckende Zahlen zu den Hitzetoten und Temperaturrekorden zusammengefasst.,"Weather service: Hot summers would have been “statistically impossible” without climate change. In its summer report, the German Weather Service has summarized frightening figures on heat deaths and temperature records.","Ministerium tempestatum: Aestates calidae ""statistically impossibilis"" fuissent sine mutatione climatis. In sua aestate fama, Germanica Service Tempestas, horrendas figuras in calore mortium et in caliditate monumentorum comprehendit.",2026-09-04 09:15:36+00:00
7c80d67adbb5349a7d9557873eaf94f9,2026-08-31T02:36:31Z,'Klimawandel',www.faz.net,de,0.9,Wetterdienst: Einer der wärmsten Sommer seit Aufzeichnung,Besonders die Hitzewelle Ende Juni hat in Deutschland neue Dimensionen erreicht. Der Deutsche Wetterdienst sagt: Der Klimawandel hat dabei eine Rolle gespielt.,https://www.faz.net/aktuell/wissen/erde-klima/hitzesommer-2026-in-deutschland-dwd-zieht-bilanz-accg-201173697.html,https://media0.faz.net/image/w1200h627/5109a60e6e4f/w6000h3135x0y433o/202608/43601.0.2486100402/in-diesem-jahr-starben-in.webp,http://web.archive.org/web/20260831083519/https://www.faz.net/aktuell/wissen/erde-klima/hitzesommer-2026-in-deutschland-dwd-zieht-bilanz-accg-201173697.html,Nach einer vorläufigen Auswertung des Deutschen Wetterdienstes (DWD) ist der diesjährige Sommer einer der wärmsten seit Beginn flächendeckender Messungen gewesen. Weitere Details gibt der DWD am Mont… [+3954 chars],,Wetterdienst: Einer der wärmsten Sommer seit Aufzeichnung. Besonders die Hitzewelle Ende Juni hat in Deutschland neue Dimensionen erreicht. Der Deutsche Wetterdienst sagt: Der Klimawandel hat dabei eine Rolle gespielt.,Weather Service: One of the warmest summers on record. The heat wave at the end of June in particular reached new dimensions in Germany. The German Weather Service says: Climate change has played a role.,Tempestas Service: Una aestates in summa memoria. Aestus fluctui exeunte mense Iunio maxime novas dimensiones in Germania attigit. Officium Tempestatis Germanicae dicit: Clima mutatio munus egit.,2026-09-04 09:15:36+00:00
e398788da96d47938f5fb4069b1ba872,2026-08-31T03:37:26Z,'Klimawandel',www.zeit.de,de,0.9,Hitze: Wetterdienst verzeichnet einen der wärmsten Sommer,Besonders die Hitze und Trockenheit waren laut einer vorläufigen Analyse des Deutschen Wetterdienstes unüblich. Die Meteorologen ziehen eine Verbindung zum Klimawandel.,https://www.zeit.de/wissenschaft/umwelt/2026-08/sommer-2024-deutschland-temperatur-daemmerung-deutscher-wetterdienst-gxe,https://img.zeit.de/wissenschaft/umwelt/2026-08/sommer-2024-deutschland-temperatur-daemmerung-deutscher-wetterdienst-foto-1/wide__1300x731,http://web.archive.org/web/20260831074507/https://www.zeit.de/wissenschaft/umwelt/2026-08/sommer-2024-deutschland-temperatur-daemmerung-deutscher-wetterdienst-gxe,Der diesjährige Sommer ist einer der wärmsten seit Beginn flächendeckender Messungen des Deutschen Wetterdienstes (DWD) gewesen. Das teilten die Meteorologen in einer vorläufigen Auswertung mit. »Auf… [+1679 chars],,Hitze: Wetterdienst verzeichnet einen der wärmsten Sommer. Besonders die Hitze und Trockenheit waren laut einer vorläufigen Analyse des Deutschen Wetterdienstes unüblich. Die Meteorologen ziehen eine Verbindung zum Klimawandel.,"Heat: Weather service records one of the warmest summers. According to a preliminary analysis by the German Weather Service, the heat and dryness were particularly unusual. The meteorologists draw a connection to climate change.","Aestus: Tempestas ministerium unum ex calidissimis aestatibus commemorat. Secundum analysim praemissam a Servitio Tempestatis Germanicae, calor et siccitas praecipue erant inusitata. Astrologi nexum trahunt ad mutationem climatis.",2026-09-04 09:15:36+00:00
78d8411b362355f5f57770ae32724431,2026-08-31T04:57:05Z,'Klimawandel',www.tagesspiegel.de,de,0.9,DWD zieht Bilanz: Sommer 2026 war einer der heißesten seit Beginn der Wetteraufzeichnungen,Laut Deutschem Wetterdienst wäre die Hitzewelle Ende Juni ohne den Klimawandel statistisch unmöglich gewesen. Die Folgen reichten weit.,https://www.tagesspiegel.de/wissen/dwd-zieht-bilanz-sommer-2026-war-einer-der-heissesten-seit-beginn-der-wetteraufzeichnungen-15999319.html,https://www.tagesspiegel.de/images/15999328/alternates/BASE_16_9_W1400/1788151454000/niedrigwasser-am-rhein.jpeg,http://web.archive.org/web/20260831124440/https://www.tagesspiegel.de/wissen/dwd-zieht-bilanz-sommer-2026-war-einer-der-heissesten-seit-beginn-der-wetteraufzeichnungen-15999319.html,Nach einer vorläufigen Auswertung des Deutschen Wetterdienstes (DWD) ist der diesjährige Sommer einer der wärmsten seit Beginn flächendeckender Messungen gewesen. Weitere Details gibt der DWD am Mont… [+4838 chars],,DWD zieht Bilanz: Sommer 2026 war einer der heißesten seit Beginn der Wetteraufzeichnungen. Laut Deutschem Wetterdienst wäre die Hitzewelle Ende Juni ohne den Klimawandel statistisch unmöglich gewesen. Die Folgen reichten weit.,"DWD takes stock: Summer 2026 was one of the hottest since weather records began. According to the German Weather Service, the heat wave at the end of June would have been statistically impossible without climate change. The consequences were far-reaching.","DWD sumit stirpem: Aestas 2026 unus ex calidissimis fuit cum monumenta tempestatis inceperunt. Secundum Service Tempestatis Germanicae, aestus fluctuantis exeunte Iunio peraeque sine mutatione climatis impossibilis fuisset. Consequatur longe veniam.",2026-09-04 09:15:36+00:00
9044ae75196878f26bb46751eb8ff533,2026-08-31T05:32:40Z,'Klimawandel',www.sueddeutsche.de,de,0.9,Hitze und Trockenheit: Wetterdienst: Einer der wärmsten Sommer seit Aufzeichnung,Besonders die Hitzewelle Ende Juni hat in Deutschland neue Dimensionen erreicht. Der Deutsche Wetterdienst sagt: Der Klimawandel hat dabei eine Rolle gespielt.,https://www.sueddeutsche.de/panorama/sommer-deutschland-hitze-wetter-klimawandel-dwd-li.3539636,https://www.sueddeutsche.de/2026/08/31/c1a6079f-9744-46ec-ad30-38ffd56b1da9.jpg?q=60&fm=webp&width=1200&rect=0%2C0%2C4000%2C2250,http://web.archive.org/web/20260831055754/https://www.sueddeutsche.de/panorama/sommer-deutschland-hitze-wetter-klimawandel-dwd-li.3539636,Eine DWD-Attributionsstudie zur Hitzewelle Ende Juni 2026 ergab: Ohne den Klimawandel wäre eine Hitzewelle dieses Ausmaßes statistisch unmöglich gewesen. Mit Attributionsstudien lässt sich abschätzen… [+3637 chars],,Hitze und Trockenheit: Wetterdienst: Einer der wärmsten Sommer seit Aufzeichnung. Besonders die Hitzewelle Ende Juni hat in Deutschland neue Dimensionen erreicht. Der Deutsche Wetterdienst sagt: Der Klimawandel hat dabei eine Rolle gespielt.,Heat and drought: Weather service: One of the warmest summers on record. The heat wave at the end of June in particular reached new dimensions in Germany. The German Weather Service says: Climate change has played a role.,Calor et siccitas: Tempestas religio: una aestates summas ediderunt. Aestus fluctui exeunte mense Iunio maxime novas dimensiones in Germania attigit. Officium Tempestatis Germanicae dicit: Clima mutatio munus egit.,2026-09-04 09:15:36+00:00
03dc77c0d218597f50701717a9e3bc93,2026-08-31T06:18:23Z,'Klimawandel',www.tagesschau.de,de,0.9,Bilanz des DWD: Einer der wärmsten Sommer seit Aufzeichnung,"Hitze, Dürre und Unwetter: Der diesjährige Sommer erreichte laut Deutschem Wetterdienst ""Dimensionen, wie sie in Deutschland bislang nicht beobachtet wurden"". Der Klimawandel habe dabei eine Rolle gespielt.",https://www.tagesschau.de/inland/dwd-sommer-bilanz-100.html,https://images.tagesschau.de/image/da06e9a1-7969-4c21-a27d-d529566a8952/AAABn_ZFEqY/AAABnSSvrFg/16x9-big/schiff-rhein-100.jpg?width=1280,http://web.archive.org/web/20260831075919/https://www.tagesschau.de/inland/dwd-sommer-bilanz-100.html,"Stand: 31.08.2026 08:18 Uhr
Hitze, Dürre und Unwetter: Der diesjährige Sommer erreichte laut Deutschem Wetterdienst ""Dimensionen, wie sie in Deutschland bislang nicht beobachtet wurden"". Der Klimawa… [+2109 chars]",,"Bilanz des DWD: Einer der wärmsten Sommer seit Aufzeichnung. Hitze, Dürre und Unwetter: Der diesjährige Sommer erreichte laut Deutschem Wetterdienst ""Dimensionen, wie sie in Deutschland bislang nicht beobachtet wurden"". Der Klimawandel habe dabei eine Rolle gespielt.","DWD's assessment: One of the warmest summers on record. Heat, drought and storms: According to the German Weather Service, this year's summer reached ""dimensions that have never been observed in Germany before."" Climate change played a role in this.","DWD aestimationem: Una aestates in summa memoria. Aestus, siccitas et procellae: Secundum Service Tempestatem Germanicam, aestate anni hoc pervenerunt ""rationes quae numquam antea in Germania observatae sunt"". Mutatio climatis in hoc munere fungitur.",2026-09-04 09:15:36+00:00
1e9c40626bb264d0f9c1715861fbba14,2026-08-31T10:51:25Z,'Klimawandel',www.tagesspiegel.de,de,0.9,"Wetter und Klima: Sommer 2026: „Historische Hitze, verbreitete Trockenheit“",Rekordtemperaturen und anhaltende Dürre haben den Sommer in Deutschland bestimmt. Dabei spielt auch der Klimawandel eine entscheidende Rolle.,https://www.tagesspiegel.de/gesellschaft/panorama/wetter-und-klima-sommer-2026-historische-hitze-verbreitete-trockenheit-16000380.html,https://www.tagesspiegel.de/images/16000800/alternates/BASE_16_9_W1400/1788179816000/hitze-in-deutschland.jpeg,,"Zu trocken, zu warm, zu sonnig: Der Sommer ist in diesem Jahr extrem gewesen. Nach einer vorläufigen Auswertung ist er der zweitwärmste, der in Deutschland jemals offiziell gemessen wurde. Das teilte… [+5327 chars]",,"Wetter und Klima: Sommer 2026: „Historische Hitze, verbreitete Trockenheit“. Rekordtemperaturen und anhaltende Dürre haben den Sommer in Deutschland bestimmt. Dabei spielt auch der Klimawandel eine entscheidende Rolle.","Weather and climate: Summer 2026: “Historic heat, widespread drought”. Record temperatures and persistent drought dominated the summer in Germany. Climate change also plays a crucial role.","Tempestas et caelum: aestas 2026: ""aestus historicus, siccitas late diffusa"". Record temperaturas et siccitas assidua aestate in Germania dominatus est. Mutatio climatis etiam munus crucialit.",2026-09-04 09:15:36+00:00
c5a49b645a8c706ff28ccc8ff0052857,2026-08-21T13:00:00Z,'Verkehrswende',www.welt.de,de,0.9,„Poller-Wahnsinn“ – so soll die grüne Autoverdrängung in Berlin enden,"Poller gegen Autos: Die Grünen treiben in Berliner Bezirken ihre Pläne für eine Verkehrswende voran – gegen den Willen der schwarz-roten Landesregierung. Die CDU legt nun einen Plan vor, um das zu stoppen.",https://www.welt.de/politik/deutschland/plus6a8808907b97809e93f3fb4b/hauptstadt-wahlkampf-poller-wahnsinn-so-soll-die-gruene-autoverdraengung-in-berlin-enden.html,https://images.welt.de/6a8808907b97809e93f3fb4b/7d5e2cdad308b72544b3fcf0eec708aa/ci16x9-w1200/530532935-jpg,http://web.archive.org/web/20260822065618/https://www.welt.de/politik/deutschland/plus6a8808907b97809e93f3fb4b/hauptstadt-wahlkampf-poller-wahnsinn-so-soll-die-gruene-autoverdraengung-in-berlin-enden.html,"Poller gegen Autos: Die Grünen treiben in Berliner Bezirken ihre Pläne für eine Verkehrswende voran  gegen den Willen der schwarz-roten Landesregierung. Die CDU legt nun einen Plan vor, um das zu sto… [+4 chars]",,"„Poller-Wahnsinn“ – so soll die grüne Autoverdrängung in Berlin enden. Poller gegen Autos: Die Grünen treiben in Berliner Bezirken ihre Pläne für eine Verkehrswende voran – gegen den Willen der schwarz-roten Landesregierung. Die CDU legt nun einen Plan vor, um das zu stoppen.",“Bollard madness” – this is how the green car displacement in Berlin is supposed to end. Bollards against cars: The Greens are pushing ahead with their plans for a traffic turnaround in Berlin districts – against the will of the black-red state government. The CDU is now presenting a plan to stop this.,"""Bollardus furor"" hoc modo currus viridis obsessio Berolinensi ad finem ponitur. Bollards contra carros: Prasinorum consilia sua propellunt ad negotium mercaturae in regionibus Berolinensi - contra voluntatem gubernationis publicae status nigrae rubrae. Nunc CDU consilium hoc prohibere.",2026-09-05 21:51:00+00:00
a3b226ad65d61b33b24ef64b06508a69,2026-08-21T15:57:00Z,'Verkehrswende',taz.de,de,0.9,Streit um Trassenpreise: Wie teuer wird die Schienen-Maut?,Steigende Trassenpreise erzürnen Eisenbahnunternehmen und auch die Verkehrsminister der Länder. Sie warnen vor einem Ausbremsen der Verkehrswende.,https://taz.de/Streit-um-Trassenpreise/!6206165/,https://taz.de/picture/8687294/1200/41533002.jpeg,http://web.archive.org/web/20260821165546/https://taz.de/Streit-um-Trassenpreise/!6206165/,Steigende Trassenpreise erzürnen Eisenbahnunternehmen und auch die Verkehrsminister der Länder. Sie warnen vor einem Ausbremsen der Verkehrswende. mehr...,,Streit um Trassenpreise: Wie teuer wird die Schienen-Maut?. Steigende Trassenpreise erzürnen Eisenbahnunternehmen und auch die Verkehrsminister der Länder. Sie warnen vor einem Ausbremsen der Verkehrswende.,Dispute over route prices: How expensive will the rail toll be? Rising route prices are enraging railway companies and the state transport ministers. They warn that the traffic turnaround will be slowed down.,Controversia de pretiis viarum: Quam pretiosa erit vectigal rail? Pretia itinera surgentia turbant turmas ferriviarias et ministros onerarias publicas. Monent negotiatio turnaround retardari.,2026-09-05 21:51:00+00:00
89a887257c272ef6bc2c31b6dae3b668,2026-08-23T08:56:00Z,'Verkehrswende',taz.de,de,0.9,Infrastruktur für Fahrräder: Strampelstadt am Neckar,"In Tübingen gibt es eine beheizte Fahrradbrücke, viele Radwege und viele Radfahrende. Warum gelingt die Verkehrswende dort besser als anderswo?",https://taz.de/Warum-die-Verkehrswende-in-Tuebingen-besser-funktioniert-als-im-Rest-von-Deutschland/!6196826/,https://taz.de/picture/8677975/1200/swochentaz-Zukunft-Tuebingen-Radverkehr.jpeg,http://web.archive.org/web/20260824125443/https://taz.de/Warum-die-Verkehrswende-in-Tuebingen-besser-funktioniert-als-im-Rest-von-Deutschland/!6196826/,"In Tübingen gibt es eine beheizte Fahrradbrücke, viele Radwege und viele Radfahrende. Warum gelingt die Verkehrswende dort besser als anderswo? mehr...",,"Infrastruktur für Fahrräder: Strampelstadt am Neckar. In Tübingen gibt es eine beheizte Fahrradbrücke, viele Radwege und viele Radfahrende. Warum gelingt die Verkehrswende dort besser als anderswo?","Infrastructure for bicycles: Strampelstadt on the Neckar. In Tübingen there is a heated bicycle bridge, many cycle paths and many cyclists. Why is the transport transition successful there better than elsewhere?","Infrastructurae birotae: Strampelstadt in Nicrum. In Tübingen est pons birotus calidus, multae viae cycli et multi Eques. Cur felicior transitus est illic melior quam alibi?",2026-09-05 21:51:00+00:00
ff5d68fe5a1d2671e6d09a470ab4a8c3,2026-08-29T18:13:00Z,'Verkehrswende',taz.de,de,0.9,E-Auto-Verkäufe steigen weltweit: Der Irankrieg treibt die Verkehrswende an,Seit 2020 hat sich der Anteil von E-Autos an den weltweiten Verkäufen deutlich gesteigert. Wegen des Irankrieges erhöht die IEA ihre Prognose für 2026.,https://taz.de/E-Auto-Verkaeufe-steigen-weltweit/!6208006/,https://taz.de/picture/8702206/1200/41186681.jpeg,http://web.archive.org/web/20260829184010/https://taz.de/E-Auto-Verkaeufe-steigen-weltweit/!6208006/,Seit 2020 hat sich der Anteil von E-Autos an den weltweiten Verkäufen deutlich gesteigert. Wegen des Irankrieges erhöht die IEA ihre Prognose für 2026. mehr...,,E-Auto-Verkäufe steigen weltweit: Der Irankrieg treibt die Verkehrswende an. Seit 2020 hat sich der Anteil von E-Autos an den weltweiten Verkäufen deutlich gesteigert. Wegen des Irankrieges erhöht die IEA ihre Prognose für 2026.,"E-car sales are increasing worldwide: the Iran war is driving the transport transition. Since 2020, the share of electric cars in global sales has increased significantly. Because of the Iran war, the IEA increases its forecast for 2026.","Sales currus terrarum augentur: Iran bellum transitus onerariam agit. Cum 2020, portio carros electrica in global venditionibus signanter auxit. Propter bellum Irania, IEA pro MMXVI auget praesagio.",2026-09-05 21:51:00+00:00
d0d12e882de2bbe4d21487dc18179322,2026-08-10T05:28:43Z,'Energiewende',www.faz.net,de,0.9,Gefährliche Dunkelflauten: Energiewende braucht laut Studie auch Atomkraft,"Ministerin Reiche erntet Kritik dafür, dass sie dem Ökostrom zu wenig Raum lasse. Eine neue Studie behauptet das Gegenteil: Sich auf Wind und Sonne zu konzentrieren, sei unbezahlbar.",https://www.faz.net/aktuell/wirtschaft/mehr-wirtschaft/darum-braucht-die-energiewende-laut-studie-auch-atomkraft-accg-201109267.html,https://media0.faz.net/image/w1200h627/513c8036ffb3/w6144h3210x0y535o/202606/43601.0.2181758620/moeglicherweise-voreilig-einer.webp,http://web.archive.org/web/20260812103004/https://www.faz.net/aktuell/wirtschaft/mehr-wirtschaft/darum-braucht-die-energiewende-laut-studie-auch-atomkraft-accg-201109267.html,Politiker und Wissenschaftler streiten in der Sommerhitze um den richtigen Weg in der Klima- und Energiepolitik. Dabei kommt auch die totgesagte Kernkraft wieder ins Gespräch. Die jüngsten Beschlüsse… [+290 chars],,"Gefährliche Dunkelflauten: Energiewende braucht laut Studie auch Atomkraft. Ministerin Reiche erntet Kritik dafür, dass sie dem Ökostrom zu wenig Raum lasse. Eine neue Studie behauptet das Gegenteil: Sich auf Wind und Sonne zu konzentrieren, sei unbezahlbar.","Dangerous dark lulls: According to the study, the energy transition also requires nuclear power. Minister Reiche is receiving criticism for leaving too little space for green electricity. A new study claims the opposite: focusing on wind and solar is unaffordable.","Periculo obscura sedat: Secundum studium, vis transitus etiam potentiam nuclearem requirit. Minister Reiche reprehensionem accipit quod parum spatii ad electricitatem viridem relinquendum est. Novum studium contrarium affirmat: positus in ventum et solarem immobile est.",2026-09-06 09:07:00+00:00
c160d10a3f871dbbb74778b92c742658,2026-08-20T13:30:28Z,'Geoengineering',t3n.de,de,0.9,"Solares Geoengineering: Wie wir die Stratosphäre nutzen könnten, um die Erde abzukühlen","Die Nebenwirkungen von solarem Geoengineering sind kaum abzuschätzen. Aber die Frage, ob daran geforscht werden sollte, ist umstritten – und wird dennoch immer weiterlesen auf t3n.de",https://t3n.de/news/solares-geoengineering-wie-wir-die-stratosphaere-nutzen-koennten-um-die-erde-abzukuehlen-1758909/,https://cdn.t3n.de/news/wp-content/uploads/2026/08/geoengineering_digital.jpg?class=content,http://web.archive.org/web/20260821000909/https://t3n.de/news/solares-geoengineering-wie-wir-die-stratosphaere-nutzen-koennten-um-die-erde-abzukuehlen-1758909/,Jim Franke zieht das Deckblatt einer Präsentation beiseite und gibt den Blick auf ein seltsames Fluggerät mit gedrungenem Rumpf und riesigen Flügeln frei. Die unbemannte Maschine soll auf 20.000 Mete… [+3707 chars],,"Solares Geoengineering: Wie wir die Stratosphäre nutzen könnten, um die Erde abzukühlen. Die Nebenwirkungen von solarem Geoengineering sind kaum abzuschätzen. Aber die Frage, ob daran geforscht werden sollte, ist umstritten – und wird dennoch immer weiterlesen auf t3n.de",Solar Geoengineering: How We Could Use the Stratosphere to Cool the Earth. The side effects of solar geoengineering are difficult to estimate. But the question of whether research should be carried out on this is controversial - and yet you will continue to read on t3n.de,Geoengineering solaris: Quomodo Stratosphaeram utere potuimus ad refrigerandum Terram. Effectus laterales geoengineering solaris difficile aestimare sunt. Sed quaestio an inquisitionis facienda sit in hoc controversia est - et tamen pergitis legere in t3n.de.,2026-09-07 02:16:12+00:00
8db6ca1326db14cedf7b2d18e0d0cef5,2026-08-08T13:24:18Z,'Batterieproduktion',t3n.de,de,0.9,Direct Air Capture: Neues Verfahren macht aus Kohlendioxid direkt Batterie-Grafit,"Die Suche nach nachhaltigen Rohstoffen für die globale Batterieproduktion läuft weltweit auf Hochtouren. Ein neues Verfahren könnte gleich zwei drängende Probleme lösen, verlangt der Industrie bei der Skalierung aber einiges ab.
weiterlesen auf t3n.de",https://t3n.de/news/co2-umwandlung-batterie-graphit-1757190/,https://cdn.t3n.de/news/wp-content/uploads/2023/01/shutterstock_1948310641.jpg?class=content,http://web.archive.org/web/20260808193340/https://t3n.de/news/co2-umwandlung-batterie-graphit-1757190/,"Wie in einer im Wissenschaftsmagazin Nature Communications veröffentlichten Studie zu lesen ist, haben Wissenschaftler:innen erstmals in Echtzeit beobachtet, wie Kohlendioxid direkt aus der Luft gefi… [+6074 chars]",,"Direct Air Capture: Neues Verfahren macht aus Kohlendioxid direkt Batterie-Grafit. Die Suche nach nachhaltigen Rohstoffen für die globale Batterieproduktion läuft weltweit auf Hochtouren. Ein neues Verfahren könnte gleich zwei drängende Probleme lösen, verlangt der Industrie bei der Skalierung aber einiges ab.
weiterlesen auf t3n.de","Direct Air Capture: New process turns carbon dioxide directly into battery graphite. The search for sustainable raw materials for global battery production is in full swing worldwide. A new process could solve two pressing problems at once, but it demands a lot from the industry when it comes to scaling.
read more on t3n.de","Direct Aeris Captura: Novus processus vertit dioxydum carbonii directe in graphite altilium. Percontatio sustineri materiae rudis ad productionem altilium globalis in plena adductione terrarum est. Novus processus duas difficultates simul urgentes solvere potuit, sed multum ab industria postulat cum scalas advenit.
legere magis in t3n.de",2026-09-08 02:28:30+00:00
28c39b7094fc382ce6f3e19b3882f19f,2026-08-10T12:07:30Z,'Kernfusion',www.faz.net,de,0.9,Kernfusion: Die neue Sonne nimmt Gestalt an,Der Fusionsreaktor ITER soll 2035 im südfranzösischen Cadarache in Betrieb gehen. Zwei Drittel des Tokamaks sind installiert. Nun wartet der nächste große Bauabschnitt.,https://www.faz.net/aktuell/wissen/physik-mehr/kernfusion-iter-reaktor-in-frankreich-ist-zu-zwei-dritteln-fertig-accg-201094653.html,https://media0.faz.net/image/w1200h627/fb03ef2c2c3e/w4935h2578x0y562o/202607/43601.0.2389699130/etappenerfolg-in-cadarache.webp,http://web.archive.org/web/20260812165900/https://www.faz.net/aktuell/wissen/physik-mehr/kernfusion-iter-reaktor-in-frankreich-ist-zu-zwei-dritteln-fertig-accg-201094653.html,Die Montagearbeiten am internationalen Fusionsreaktor ITER im südfran­zösischen Cadarache laufen auf Hochtouren. Seit vergangener Woche ist das sechste von insgesamt neun Segmenten der Vakuumkammer d… [+2505 chars],,Kernfusion: Die neue Sonne nimmt Gestalt an. Der Fusionsreaktor ITER soll 2035 im südfranzösischen Cadarache in Betrieb gehen. Zwei Drittel des Tokamaks sind installiert. Nun wartet der nächste große Bauabschnitt.,"Nuclear fusion: The new sun is taking shape. The ITER fusion reactor is scheduled to go into operation in Cadarache, southern France, in 2035. Two thirds of the tokamak have been installed. Now the next major construction phase awaits.","Fusio nuclei: Sol novus figuratur. ITER fusione reactor horarium est ut in operando Cadarache, Gallia meridionali, anno 2035. Duae partes tokamak institutae sunt. Nunc altera maior pars constructionis manet.",2026-09-08 14:03:37+00:00
4b37850b504622cab53076c9d457c13e,2026-08-13T12:16:02Z,'Kernfusion',www.golem.de,de,0.9,Strahlenschutzrecht: Kernfusion braucht eigene Gesetze für sicheren Betrieb,"Fusionsanlagen strahlen zwar schwächer als AKWs, aber zu stark für die Strahlenschutzverordnung. Es werden neue Regeln benötigt. (Kernfusion, Politik)",https://www.golem.de/sonstiges/zustimmung/auswahl.html?from=https://www.golem.de/news/strahlenschutzrecht-kernfusion-braucht-eigene-gesetze-fuer-sicheren-betrieb-2608-211904.html&referer=https://t.co/aadf2b67ab,,http://web.archive.org/web/20260814020113/https://www.golem.de/sonstiges/zustimmung/auswahl.html?from=https%3A%2F%2Fwww.golem.de%2Fnews%2Fstrahlenschutzrecht-kernfusion-braucht-eigene-gesetze-fuer-sicheren-betrieb-2608-211904.html,"Besuchen Sie Golem.de wie gewohnt mit Werbung und Tracking,
 indem Sie der Nutzung aller Cookies zustimmen.
 Details zum Tracking finden Sie im Privacy Center.
Skript wurde nicht geladen. Informat… [+607 chars]",,"Strahlenschutzrecht: Kernfusion braucht eigene Gesetze für sicheren Betrieb. Fusionsanlagen strahlen zwar schwächer als AKWs, aber zu stark für die Strahlenschutzverordnung. Es werden neue Regeln benötigt. (Kernfusion, Politik)","Radiation protection law: Nuclear fusion needs its own laws for safe operation. Although fusion plants emit weaker radiation than nuclear power plants, they are too strong for the radiation protection regulations. New rules are needed. (nuclear fusion, politics)","Tutela radiatio lex: Fusio nuclei suis legibus indiget ad operationem tutam. Etsi fusione plantae debiliorem radiorum emittunt quam nuclearibus plantis, nimis fortes sunt ad ordinationes tutelae radiorum. Novae regulae opus sunt. (Fusio nuclearis, politica)",2026-09-08 14:03:37+00:00
4795c78fac928274b034d0fc1447ef70,2026-08-31T11:45:19Z,'Energiewende',www.faz.net,de,0.9,Stromnetz: Die pragmatische Lösung für den Engpass der Energiewende,"Ein neues Instrument soll dafür sorgen, dass Erzeuger und Verbraucher schneller an das Stromnetz angeschlossen werden. Wird so eine der wichtigsten Herausforderungen der Energiewende geschafft?",https://www.faz.net/aktuell/wirtschaft/klima-nachhaltigkeit/fcas-sollen-anschluesse-ans-stromnetz-beschleunigen-accg-201141238.html,https://media0.faz.net/image/w1200h627/af0592281265/w5648h2951x559y429o/202502/43601.0.864467609/braucht-auch-einen-anschluss.webp,http://web.archive.org/web/20260831204655/https://www.faz.net/aktuell/wirtschaft/klima-nachhaltigkeit/fcas-sollen-anschluesse-ans-stromnetz-beschleunigen-accg-201141238.html,"Der Boom der Batteriespeicher hält an. Seit Juni vergangenen Jahres hat ihre Kapazität um 37 Prozent auf knapp 30 Gigawattstunden zugelegt, davon entfallen etwa 25 Prozent auf Gewerbe- und Großspeich… [+7537 chars]",,"Stromnetz: Die pragmatische Lösung für den Engpass der Energiewende. Ein neues Instrument soll dafür sorgen, dass Erzeuger und Verbraucher schneller an das Stromnetz angeschlossen werden. Wird so eine der wichtigsten Herausforderungen der Energiewende geschafft?",Power grid: The pragmatic solution to the energy transition bottleneck. A new instrument is intended to ensure that producers and consumers are connected to the electricity grid more quickly. Will one of the most important challenges of the energy transition be met in this way?,Potentia eget: Solutio pragmatica ad energiam transitus bottleneck. Novum instrumentum intendit curare ut effectrix et consumerent electricitatis eget celerius coniungantur. Num unus e maximis provocationibus energiae hoc modo occurrerit transitus?,2026-09-09 11:23:12+00:00
77fc25da05501f174b349cc157532c01,2026-08-31T13:22:31Z,'Balkonkraftwerk',www.appgefahren.de,de,0.9,EcoFlow Stream 5000: Neue Balkonkraftwerk-Solarbatterie startet,EcoFlow startet mit der neuen Generation seiner Balkonkraftwerk-Solarbatterie durch und bietet ab sofort Vorbestellungen über die hauseigene Webseite an. Hier gibt es aber ein grundlegendes Problem: Die Auslieferung des EcoFlow Stream 5000 soll voraussichtlic…,https://www.appgefahren.de/ecoflow-stream-5000-neue-balkonkraftwerk-solarbatterie-startet-404601.html,https://www.appgefahren.de/wp-content/uploads/2026/06/EcoFlow-STREAM-5000.jpg,,EcoFlow startet mit der neuen Generation seiner Balkonkraftwerk-Solarbatterie durch und bietet ab sofort Vorbestellungen über die hauseigene Webseite an. Hier gibt es aber ein grundlegendes Problem: … [+2286 chars],,EcoFlow Stream 5000: Neue Balkonkraftwerk-Solarbatterie startet. EcoFlow startet mit der neuen Generation seiner Balkonkraftwerk-Solarbatterie durch und bietet ab sofort Vorbestellungen über die hauseigene Webseite an. Hier gibt es aber ein grundlegendes Problem: Die Auslieferung des EcoFlow Stream 5000 soll voraussichtlic…,EcoFlow Stream 5000: New balcony power plant solar battery starts. EcoFlow is launching the new generation of its balcony power solar battery and is now offering pre-orders via its own website. But there is a fundamental problem here: Delivery of the EcoFlow Stream 5000 is expected to...,EcoFlow Fluminis 5000: Nova podio potentiae plantae solis altilium incipit. EcoFlow novam generationis suae podio potentiae pilae solaris inducit et nunc praeordinatum offert per suum locum. Sed problema fundamentale hic est: Partus Fluminis EcoFlow 5000 expectatur...,2026-09-10 02:30:52+00:00
